WigleWifi-1.4,appRelease=2.26,model=EVA-L09,release=7.0,device=HWEVA,display=EVA-L09C576B383,board=EVA,brand=HUAWEI
MAC,SSID,AuthMode,FirstSeen,Channel,RSSI,CurrentLatitude,CurrentLongitude,AltitudeMeters,AccuracyMeters,Type
1c:b9:c4:16:f4:2c,Ariel_University,[ESS],2017-11-08 13:44:56,44,-65,32.102949994386144,35.20914724452673,703.1750869984293,64,WIFI
1c:b9:c4:16:f4:28,Ariel_University,[ESS],2017-11-08 13:44:56,11,-75,32.102949994386144,35.20914724452673,703.1750869984293,64,WIFI
1c:b9:c4:16:28:fc,Ariel_University,[ESS],2017-11-08 13:44:56,36,-74,32.102949994386144,35.20914724452673,703.1750869984293,64,WIFI
1c:b9:c4:16:28:f8,Ariel_University,[ESS],2017-11-08 13:44:56,6,-77,32.102949994386144,35.20914724452673,703.1750869984293,64,WIFI
1c:b9:c4:15:43:e8,Ariel_University,[ESS],2017-11-08 13:44:56,1,-85,32.102949994386144,35.20914724452673,703.1750869984293,64,WIFI
1c:b9:c4:15:43:ec,Ariel_University,[ESS],2017-11-08 13:44:56,36,-79,32.102949994386144,35.20914724452673,703.1750869984293,64,WIFI
1c:b9:c4:96:28:f7,,[WPA2-PSK-CCMP][ESS],2017-11-08 13:44:56,36,-72,32.102949994386144,35.20914724452673,703.1750869984293,64,WIFI
ec:8c:a2:08:78:cc,Ariel_University,[ESS],2017-11-08 13:44:56,40,-66,32.102949994386144,35.20914724452673,703.1750869984293,64,WIFI
1c:b9:c4:96:f4:27,,[WPA2-PSK-CCMP][ESS],2017-11-08 13:44:56,44,-54,32.102949994386144,35.20914724452673,703.1750869984293,64,WIFI
1c:b9:c4:16:28:ec,Ariel_University,[ESS],2017-11-08 13:44:56,52,-80,32.102949994386144,35.20914724452673,703.1750869984293,64,WIFI
1c:b9:c4:12:90:bc,Ariel_University,[ESS],2017-11-08 13:44:56,40,-62,32.102949994386144,35.20914724452673,703.1750869984293,64,WIFI
8c:0c:90:2d:75:e8,Ariel_University,[ESS],2017-11-08 13:44:56,1,-88,32.102949994386144,35.20914724452673,703.1750869984293,64,WIFI
1c:b9:c4:14:33:c8,Ariel_University,[ESS],2017-11-08 13:44:56,11,-90,32.102949994386144,35.20914724452673,703.1750869984293,64,WIFI
1c:b9:c4:14:2f:68,Ariel_University,[ESS],2017-11-08 13:44:56,6,-82,32.102949994386144,35.20914724452673,703.1750869984293,64,WIFI
ec:8c:a2:88:78:c7,,[WPA2-PSK-CCMP][ESS],2017-11-08 13:44:56,40,-80,32.102949994386144,35.20914724452673,703.1750869984293,64,WIFI
ec:8c:a2:08:78:c8,Ariel_University,[ESS],2017-11-08 13:44:56,6,-81,32.102949994386144,35.20914724452673,703.1750869984293,64,WIFI
1c:b9:c4:16:d2:88,Ariel_University,[ESS],2017-11-08 13:44:56,11,-91,32.102949994386144,35.20914724452673,703.1750869984293,64,WIFI
1c:b9:c4:16:d2:8c,Ariel_University,[ESS],2017-11-08 13:44:56,44,-78,32.102949994386144,35.20914724452673,703.1750869984293,64,WIFI
34:8f:27:20:8c:1c,Ariel_University,[ESS],2017-11-08 13:44:56,36,-83,32.102949994386144,35.20914724452673,703.1750869984293,64,WIFI
1c:b9:c4:92:90:b7,,[WPA2-PSK-CCMP][ESS],2017-11-08 13:44:56,40,-62,32.102949994386144,35.20914724452673,703.1750869984293,64,WIFI
1c:b9:c4:95:43:e7,,[WPA2-PSK-CCMP][ESS],2017-11-08 13:44:56,36,-80,32.102949994386144,35.20914724452673,703.1750869984293,64,WIFI
ec:8c:a2:08:94:1c,Ariel_University,[ESS],2017-11-08 13:44:56,40,-74,32.102949994386144,35.20914724452673,703.1750869984293,64,WIFI
42507_10072_480144,HOT mobile,UMTS;il,2017-11-08 13:44:56,0,-113,32.102949994386144,35.20914724452673,703.1750869984293,64,GSM
8c:0c:90:2d:75:e8,Ariel_University,[ESS],2017-11-08 13:44:57,1,-83,32.10287153510869,35.20902964528318,716.013344675011,64,WIFI
ec:8c:a2:88:78:c7,,[WPA2-PSK-CCMP][ESS],2017-11-08 13:44:57,40,-69,32.10287153510869,35.20902964528318,716.013344675011,64,WIFI
1c:b9:c4:96:28:e7,,[WPA2-PSK-CCMP][ESS],2017-11-08 13:44:57,52,-80,32.10287153510869,35.20902964528318,716.013344675011,64,WIFI
ec:8c:a2:08:94:18,Ariel_University,[ESS],2017-11-08 13:44:57,1,-80,32.10287153510869,35.20902964528318,716.013344675011,64,WIFI
42507_10072_480148,HOT mobile,HSPA;il,2017-11-08 13:44:57,0,-113,32.10287153510869,35.20902964528318,716.013344675011,64,GSM
8c:0c:90:2d:75:e8,Ariel_University,[ESS],2017-11-08 13:45:01,1,-78,32.10296146009116,35.20906003281465,712.3965972521036,8,WIFI
f8:d1:11:77:77:c6,HelpDesk,[WPA-PSK-CCMP+TKIP][WPA2-PSK-CCMP+TKIP][ESS],2017-11-08 13:45:01,4,-85,32.10296146009116,35.20906003281465,712.3965972521036,8,WIFI
1c:b9:c4:14:2f:6c,Ariel_University,[ESS],2017-11-08 13:45:01,36,-85,32.10296146009116,35.20906003281465,712.3965972521036,8,WIFI
1c:b9:c4:12:90:b8,Ariel_University,[ESS],2017-11-08 13:45:01,11,-88,32.10296146009116,35.20906003281465,712.3965972521036,8,WIFI
ec:8c:a2:08:78:c8,Ariel_University,[ESS],2017-11-08 13:45:04,6,-76,32.10303127948995,35.20891342247965,716.6776476943082,8,WIFI
ec:8c:a2:08:94:1c,Ariel_University,[ESS],2017-11-08 13:45:04,40,-67,32.10303127948995,35.20891342247965,716.6776476943082,8,WIFI
8c:0c:90:ad:75:e3,,[WPA2-PSK-CCMP][ESS],2017-11-08 13:45:04,1,-87,32.10303127948995,35.20891342247965,716.6776476943082,8,WIFI
42507_10072_470809,HOT mobile,UMTS;il,2017-11-08 13:45:07,0,-113,32.103021770746885,35.20896208795234,717.1066062449783,6,GSM
ec:8c:a2:08:94:18,Ariel_University,[ESS],2017-11-08 13:45:07,1,-75,32.103021770746885,35.20896208795234,717.1066062449783,6,WIFI
1c:b9:c4:12:90:b8,Ariel_University,[ESS],2017-11-08 13:45:07,11,-77,32.103021770746885,35.20896208795234,717.1066062449783,6,WIFI
1c:b9:c4:16:f4:78,Ariel_University,[ESS],2017-11-08 13:45:07,1,-87,32.103021770746885,35.20896208795234,717.1066062449783,6,WIFI
ec:8c:a2:08:94:18,Ariel_University,[ESS],2017-11-08 13:45:11,1,-67,32.10303837527057,35.208994397290624,715.4837351577206,6,WIFI
1c:b9:c4:12:7c:c8,Ariel_University,[ESS],2017-11-08 13:45:11,11,-85,32.10303837527057,35.208994397290624,715.4837351577206,6,WIFI
ec:8c:a2:08:78:c8,Ariel_University,[ESS],2017-11-08 13:45:13,6,-67,32.103046246343084,35.20899365804838,714.2234385232233,4,WIFI
1c:b9:c4:16:f1:5c,Ariel_University,[ESS],2017-11-08 13:45:15,44,-81,32.10306421930667,35.20898809534736,712.7137325310888,4,WIFI
1c:b9:c4:12:7c:cc,Ariel_University,[ESS],2017-11-08 13:45:15,36,-84,32.10306421930667,35.20898809534736,712.7137325310888,4,WIFI
1c:b9:c4:14:2b:88,Ariel_University,[ESS],2017-11-08 13:45:15,6,-86,32.10306421930667,35.20898809534736,712.7137325310888,4,WIFI
1c:b9:c4:16:28:e8,Ariel_University,[ESS],2017-11-08 13:45:15,1,-86,32.10306421930667,35.20898809534736,712.7137325310888,4,WIFI
34:8f:27:20:8c:18,Ariel_University,[ESS],2017-11-08 13:45:15,1,-86,32.10306421930667,35.20898809534736,712.7137325310888,4,WIFI
ec:8c:a2:08:94:1c,Ariel_University,[ESS],2017-11-08 13:45:17,40,-62,32.10307584343188,35.2089767251399,711.1099377436966,4,WIFI
1c:b9:c4:16:d2:88,Ariel_University,[ESS],2017-11-08 13:45:17,11,-86,32.10307584343188,35.2089767251399,711.1099377436966,4,WIFI
1c:b9:c4:12:7c:cc,Ariel_University,[ESS],2017-11-08 13:45:17,36,-78,32.10307584343188,35.2089767251399,711.1099377436966,4,WIFI
1c:b9:c4:92:7c:c7,,[WPA2-PSK-CCMP][ESS],2017-11-08 13:45:17,36,-80,32.10307584343188,35.2089767251399,711.1099377436966,4,WIFI
34:8f:27:a0:8c:17,,[WPA2-PSK-CCMP][ESS],2017-11-08 13:45:17,36,-84,32.10307584343188,35.2089767251399,711.1099377436966,4,WIFI
1c:b9:c4:12:7c:c8,Ariel_University,[ESS],2017-11-08 13:45:19,11,-80,32.1030923527489,35.20896813399192,710.902341163744,4,WIFI
1c:b9:c4:12:7c:cc,Ariel_University,[ESS],2017-11-08 13:45:19,36,-72,32.1030923527489,35.20896813399192,710.902341163744,4,WIFI
1c:b9:c4:96:d2:87,,[WPA2-PSK-CCMP][ESS],2017-11-08 13:45:19,44,-76,32.1030923527489,35.20896813399192,710.902341163744,4,WIFI
1c:b9:c4:16:f1:58,Ariel_University,[ESS],2017-11-08 13:45:19,11,-86,32.1030923527489,35.20896813399192,710.902341163744,4,WIFI
8c:0c:90:2d:75:e8,Ariel_University,[ESS],2017-11-08 13:45:23,1,-72,32.103122547076204,35.20895615377642,709.0717176870609,4,WIFI
f8:d1:11:77:77:c6,HelpDesk,[WPA-PSK-CCMP+TKIP][WPA2-PSK-CCMP+TKIP][ESS],2017-11-08 13:45:23,4,-77,32.103122547076204,35.20895615377642,709.0717176870609,4,WIFI
1c:b9:c4:92:7c:c7,,[WPA2-PSK-CCMP][ESS],2017-11-08 13:45:23,36,-73,32.103122547076204,35.20895615377642,709.0717176870609,4,WIFI
ec:8c:a2:88:94:17,,[WPA2-PSK-CCMP][ESS],2017-11-08 13:45:23,40,-66,32.103122547076204,35.20895615377642,709.0717176870609,4,WIFI
8c:0c:90:ad:75:e3,,[WPA2-PSK-CCMP][ESS],2017-11-08 13:45:23,1,-79,32.103122547076204,35.20895615377642,709.0717176870609,4,WIFI
72:1c:e7:bc:84:be,DIRECT-VFLAPTOP-EEB8HV0LmsDH,[WPA2-PSK-CCMP][WPS][ESS][P2P],2017-11-08 13:45:23,1,-85,32.103122547076204,35.20895615377642,709.0717176870609,4,WIFI
1c:b9:c4:12:7c:c8,Ariel_University,[ESS],2017-11-08 13:45:25,11,-73,32.10314623985036,35.208949517337935,709.1520562982998,12,WIFI
8c:0c:90:ad:75:e3,,[WPA2-PSK-CCMP][ESS],2017-11-08 13:45:27,1,-72,32.10316391452731,35.20894458372337,709.6328533448606,6,WIFI
1c:b9:c4:12:7c:cc,Ariel_University,[ESS],2017-11-08 13:45:29,36,-67,32.103186915938544,35.208929116130726,710.0590013800258,12,WIFI
1c:b9:c4:12:7c:cc,Ariel_University,[ESS],2017-11-08 13:45:31,36,-58,32.10320444226776,35.208913310603535,710.2663995541354,8,WIFI
1c:b9:c4:92:7c:c7,,[WPA2-PSK-CCMP][ESS],2017-11-08 13:45:33,36,-68,32.10322452875287,35.20889761417198,710.2985959429193,8,WIFI
1c:b9:c4:16:f4:7c,Ariel_University,[ESS],2017-11-08 13:45:37,36,-84,32.10326844415799,35.20884917511344,710.3195691688805,4,WIFI
c4:12:f5:85:12:7d,Si_2.4G,[WPA2-PSK-CCMP][ESS],2017-11-08 13:45:41,5,-87,32.103304638891395,35.2088210169953,710.0546987364429,4,WIFI
1c:b9:c4:16:d2:88,Ariel_University,[ESS],2017-11-08 13:45:43,11,-81,32.103327051838946,35.208802145703736,709.7517177418223,4,WIFI
42507_10072_516799,HOT mobile,UMTS;il,2017-11-08 13:45:43,0,-113,32.103327051838946,35.208802145703736,709.7517177418223,4,GSM
ec:8c:a2:88:94:17,,[WPA2-PSK-CCMP][ESS],2017-11-08 13:45:47,40,-58,32.103364509286976,35.2087615380117,708.9610660507951,4,WIFI
ec:8c:a2:88:7a:17,,[WPA2-PSK-CCMP][ESS],2017-11-08 13:45:47,36,-79,32.103364509286976,35.2087615380117,708.9610660507951,4,WIFI
ec:8c:a2:08:7a:1c,Ariel_University,[ESS],2017-11-08 13:45:47,36,-79,32.103364509286976,35.2087615380117,708.9610660507951,4,WIFI
1c:b9:c4:16:f4:7c,Ariel_University,[ESS],2017-11-08 13:45:47,36,-78,32.103364509286976,35.2087615380117,708.9610660507951,4,WIFI
c4:12:f5:85:12:7c,Si_5G,[WPA2-PSK-CCMP][ESS],2017-11-08 13:45:49,60,-78,32.103362373267124,35.20875877057205,708.731156533904,4,WIFI
ec:8c:a2:08:78:3c,Ariel_University,[ESS],2017-11-08 13:45:49,40,-84,32.103362373267124,35.20875877057205,708.731156533904,4,WIFI
1c:b9:c4:16:13:08,Ariel_University,[ESS],2017-11-08 13:45:49,11,-88,32.103362373267124,35.20875877057205,708.731156533904,4,WIFI
ec:8c:a2:26:d3:68,Ariel_University,[ESS],2017-11-08 13:45:49,1,-89,32.103362373267124,35.20875877057205,708.731156533904,4,WIFI
14:ae:db:58:0d:6d,__ery,[WPA2-PSK-CCMP][ESS],2017-11-08 13:45:55,6,-86,32.10336704197722,35.20869832045643,707.8775298201161,3,WIFI
a0:4f:d4:3b:e9:01,Cellcom-WiFi_5373,[WPA2-PSK-CCMP][ESS],2017-11-08 13:45:55,6,-84,32.10336704197722,35.20869832045643,707.8775298201161,3,WIFI
d4:7b:b0:79:c8:ab,HOTBOX-C8A5,[WPA-PSK-CCMP+TKIP][WPA2-PSK-CCMP+TKIP][ESS],2017-11-08 13:45:57,6,-88,32.10336910790477,35.208661083797864,707.6836565509161,3,WIFI
ec:8c:a2:88:78:37,,[WPA2-PSK-CCMP][ESS],2017-11-08 13:46:01,40,-81,32.10337471165182,35.2085937410222,707.302132385238,3,WIFI
ec:8c:a2:08:78:3c,Ariel_University,[ESS],2017-11-08 13:46:05,40,-79,32.10339082864991,35.20854908338041,706.7698862552669,4,WIFI
ec:8c:a2:09:0c:cc,Ariel_University,[ESS],2017-11-08 13:46:05,44,-85,32.10339082864991,35.20854908338041,706.7698862552669,4,WIFI
ec:8c:a2:88:7a:17,,[WPA2-PSK-CCMP][ESS],2017-11-08 13:46:09,36,-70,32.10340203772171,35.20849241488166,706.3813353645679,4,WIFI
ec:8c:a2:08:7a:1c,Ariel_University,[ESS],2017-11-08 13:46:09,36,-69,32.10340203772171,35.20849241488166,706.3813353645679,4,WIFI
14:ae:db:cf:86:f5,Biren2809,[WPA-PSK-CCMP+TKIP][WPA2-PSK-CCMP+TKIP][WPS][ESS],2017-11-08 13:46:09,11,-89,32.10340203772171,35.20849241488166,706.3813353645679,4,WIFI
ec:8c:a2:08:78:38,Ariel_University,[ESS],2017-11-08 13:46:17,1,-81,32.10340373405704,35.20835593956153,705.7782458112597,4,WIFI
14:ae:db:46:62:2d,Nadav,[WPA2-PSK-CCMP][ESS],2017-11-08 13:46:20,6,-89,32.103408973316306,35.208289768288765,705.8143348304052,4,WIFI
ec:8c:a2:08:78:3c,Ariel_University,[ESS],2017-11-08 13:46:20,40,-74,32.103408973316306,35.208289768288765,705.8143348304052,4,WIFI
00:21:04:4c:2a:a2,Yan,[WPA-PSK-CCMP+TKIP][WPA2-PSK-CCMP+TKIP][ESS],2017-11-08 13:46:25,6,-89,32.103430627568805,35.20817908019089,706.1522186746287,4,WIFI
ec:8c:a2:88:78:37,,[WPA2-PSK-CCMP][ESS],2017-11-08 13:46:27,40,-75,32.10344170695791,35.20815390466522,706.2514357890467,4,WIFI
ec:8c:a2:09:0c:cc,Ariel_University,[ESS],2017-11-08 13:46:27,44,-77,32.10344170695791,35.20815390466522,706.2514357890467,4,WIFI
ec:8c:a2:08:a9:3c,Ariel_University,[ESS],2017-11-08 13:46:27,36,-84,32.10344170695791,35.20815390466522,706.2514357890467,4,WIFI
42507_10072_470805,HOT mobile,UMTS;il,2017-11-08 13:46:27,0,-113,32.10344170695791,35.20815390466522,706.2514357890467,4,GSM
ec:8c:a2:09:0c:c8,Ariel_University,[ESS],2017-11-08 13:46:29,1,-88,32.103442798326014,35.208158900042385,706.2897802230209,4,WIFI
ec:8c:a2:08:78:3c,Ariel_University,[ESS],2017-11-08 13:46:31,40,-69,32.10345042526043,35.208160393317876,706.2426852984053,4,WIFI
b0:48:7a:a1:80:8c,Knoch,[WPA-PSK-CCMP+TKIP][WPA2-PSK-CCMP+TKIP][WPS][ESS],2017-11-08 13:46:31,4,-83,32.10345042526043,35.208160393317876,706.2426852984053,4,WIFI
78:11:dc:1a:cf:d0,TamiRacheli,[WPA-PSK-CCMP+TKIP][WPA2-PSK-CCMP+TKIP][WPS][ESS],2017-11-08 13:46:31,8,-85,32.10345042526043,35.208160393317876,706.2426852984053,4,WIFI
ec:8c:a2:88:78:37,,[WPA2-PSK-CCMP][ESS],2017-11-08 13:46:34,40,-70,32.10345765990393,35.20812324445197,705.989652895262,3,WIFI
1c:b9:c4:16:28:ec,Ariel_University,[ESS],2017-11-08 13:46:34,52,-86,32.10345765990393,35.20812324445197,705.989652895262,3,WIFI
ec:8c:a2:09:0c:c8,Ariel_University,[ESS],2017-11-08 13:46:34,1,-80,32.10345765990393,35.20812324445197,705.989652895262,3,WIFI
42507_10072_480144,HOT mobile,UMTS;il,2017-11-08 13:46:34,0,-113,32.10345765990393,35.20812324445197,705.989652895262,3,GSM
ec:8c:a2:08:7a:1c,Ariel_University,[ESS],2017-11-08 13:46:36,36,-63,32.10346036403221,35.20808062705461,705.8014017041513,3,WIFI
ec:8c:a2:08:78:3c,Ariel_University,[ESS],2017-11-08 13:46:36,40,-61,32.10346036403221,35.20808062705461,705.8014017041513,3,WIFI
ec:8c:a2:89:8c:37,,[WPA2-PSK-CCMP][ESS],2017-11-08 13:46:36,44,-75,32.10346036403221,35.20808062705461,705.8014017041513,3,WIFI
ec:8c:a2:09:8c:3c,Ariel_University,[ESS],2017-11-08 13:46:36,44,-73,32.10346036403221,35.20808062705461,705.8014017041513,3,WIFI
ec:8c:a2:09:8c:38,Ariel_University,[ESS],2017-11-08 13:46:36,1,-84,32.10346036403221,35.20808062705461,705.8014017041513,3,WIFI
ec:8c:a2:08:7a:18,Ariel_University,[ESS],2017-11-08 13:46:36,1,-87,32.10346036403221,35.20808062705461,705.8014017041513,3,WIFI
ec:8c:a2:09:0c:cc,Ariel_University,[ESS],2017-11-08 13:46:38,44,-72,32.10346067593561,35.20805079662072,705.6680545345783,4,WIFI
ec:8c:a2:08:a9:3c,Ariel_University,[ESS],2017-11-08 13:46:38,36,-76,32.10346067593561,35.20805079662072,705.6680545345783,4,WIFI
ec:8c:a2:89:0c:c7,,[WPA2-PSK-CCMP][ESS],2017-11-08 13:46:38,44,-72,32.10346067593561,35.20805079662072,705.6680545345783,4,WIFI
ec:8c:a2:88:a9:37,,[WPA2-PSK-CCMP][ESS],2017-11-08 13:46:38,36,-77,32.10346067593561,35.20805079662072,705.6680545345783,4,WIFI
10:be:f5:39:8f:f2,LARISA,[WPA2-PSK-CCMP][ESS],2017-11-08 13:46:38,9,-89,32.10346067593561,35.20805079662072,705.6680545345783,4,WIFI
10:be:f5:a7:b4:f4,Home,[WPA2-PSK-CCMP][ESS],2017-11-08 13:46:38,9,-91,32.10346067593561,35.20805079662072,705.6680545345783,4,WIFI
ec:8c:a2:09:03:3c,Ariel_University,[ESS],2017-11-08 13:46:40,44,-76,32.103458647707846,35.20802712855773,705.569093841662,4,WIFI
ec:8c:a2:08:a9:38,Ariel_University,[ESS],2017-11-08 13:46:40,6,-86,32.103458647707846,35.20802712855773,705.569093841662,4,WIFI
ec:8c:a2:09:03:3c,Ariel_University,[ESS],2017-11-08 13:46:42,44,-71,32.1034627950422,35.207996093059045,705.4694890529917,4,WIFI
ec:8c:a2:89:03:37,,[WPA2-PSK-CCMP][ESS],2017-11-08 13:46:42,44,-71,32.1034627950422,35.207996093059045,705.4694890529917,4,WIFI
ec:8c:a2:08:78:38,Ariel_University,[ESS],2017-11-08 13:46:46,1,-76,32.103463459845834,35.20795633410855,705.2089059414521,4,WIFI
ec:8c:a2:09:03:38,Ariel_University,[ESS],2017-11-08 13:46:46,1,-82,32.103463459845834,35.20795633410855,705.2089059414521,4,WIFI
ec:8c:a2:08:a9:28,Ariel_University,[ESS],2017-11-08 13:46:46,11,-91,32.103463459845834,35.20795633410855,705.2089059414521,4,WIFI
1c:b9:c4:12:90:bc,Ariel_University,[ESS],2017-11-08 13:46:46,40,-84,32.103463459845834,35.20795633410855,705.2089059414521,4,WIFI
ec:8c:a2:08:7a:1c,Ariel_University,[ESS],2017-11-08 13:46:48,36,-58,32.103468273681486,35.20793951647237,705.0692396001914,4,WIFI
00:1a:dd:f5:06:a4,,[ESS],2017-11-08 13:46:48,6,-74,32.103468273681486,35.20793951647237,705.0692396001914,4,WIFI
00:1a:dd:f5:06:a5,Afikim_Wifi,[ESS],2017-11-08 13:46:48,6,-75,32.103468273681486,35.20793951647237,705.0692396001914,4,WIFI
00:1a:dd:f5:06:a5,Afikim_Wifi,[ESS],2017-11-08 13:46:50,6,-67,32.10346995004855,35.20790680773113,704.8904898196647,4,WIFI
ec:8c:a2:08:7b:8c,Ariel_University,[ESS],2017-11-08 13:46:50,52,-83,32.10346995004855,35.20790680773113,704.8904898196647,4,WIFI
00:27:22:f3:bb:3a,,[ESS],2017-11-08 13:46:50,6,-85,32.10346995004855,35.20790680773113,704.8904898196647,4,WIFI
00:1a:dd:f5:06:a4,,[ESS],2017-11-08 13:46:52,6,-69,32.10347267091255,35.207876128422164,704.7037110798686,4,WIFI
ec:8c:a2:88:7a:17,,[WPA2-PSK-CCMP][ESS],2017-11-08 13:46:52,36,-63,32.10347267091255,35.207876128422164,704.7037110798686,4,WIFI
ec:8c:a2:08:94:1c,Ariel_University,[ESS],2017-11-08 13:46:52,40,-81,32.10347267091255,35.207876128422164,704.7037110798686,4,WIFI
ec:8c:a2:08:a9:28,Ariel_University,[ESS],2017-11-08 13:46:54,11,-82,32.10347776313505,35.207840908454386,704.5174833294546,4,WIFI
ec:8c:a2:08:7b:8c,Ariel_University,[ESS],2017-11-08 13:46:54,52,-78,32.10347776313505,35.207840908454386,704.5174833294546,4,WIFI
ec:8c:a2:88:7b:87,,[WPA2-PSK-CCMP][ESS],2017-11-08 13:46:54,52,-78,32.10347776313505,35.207840908454386,704.5174833294546,4,WIFI
ec:8c:a2:88:90:c7,,[WPA2-PSK-CCMP][ESS],2017-11-08 13:46:54,36,-78,32.10347776313505,35.207840908454386,704.5174833294546,4,WIFI
ec:8c:a2:08:90:cc,Ariel_University,[ESS],2017-11-08 13:46:54,36,-78,32.10347776313505,35.207840908454386,704.5174833294546,4,WIFI
42507_10072_470809,HOT mobile,UMTS;il,2017-11-08 13:46:54,0,-113,32.10347776313505,35.207840908454386,704.5174833294546,4,GSM
ec:8c:a2:08:7b:8c,Ariel_University,[ESS],2017-11-08 13:46:56,52,-71,32.103482948247816,35.20781803551046,704.3588004954352,4,WIFI
ec:8c:a2:88:7b:87,,[WPA2-PSK-CCMP][ESS],2017-11-08 13:46:56,52,-71,32.103482948247816,35.20781803551046,704.3588004954352,4,WIFI
ec:8c:a2:88:a9:27,,[WPA2-PSK-CCMP][ESS],2017-11-08 13:46:56,44,-66,32.103482948247816,35.20781803551046,704.3588004954352,4,WIFI
1c:b9:c4:96:d2:87,,[WPA2-PSK-CCMP][ESS],2017-11-08 13:46:56,44,-78,32.103482948247816,35.20781803551046,704.3588004954352,4,WIFI
ec:8c:a2:08:a9:2c,Ariel_University,[ESS],2017-11-08 13:46:56,44,-65,32.103482948247816,35.20781803551046,704.3588004954352,4,WIFI
ec:8c:a2:08:90:c8,Ariel_University,[ESS],2017-11-08 13:46:56,11,-87,32.103482948247816,35.20781803551046,704.3588004954352,4,WIFI
ec:8c:a2:08:a9:28,Ariel_University,[ESS],2017-11-08 13:46:58,11,-74,32.103489808028854,35.20778959968733,704.1993370290407,4,WIFI
ec:8c:a2:08:7b:8c,Ariel_University,[ESS],2017-11-08 13:46:58,52,-63,32.103489808028854,35.20778959968733,704.1993370290407,4,WIFI
4c:66:41:3f:b9:7a,AndroidAP,[WPA2-PSK-CCMP][ESS],2017-11-08 13:47:00,1,-92,32.10350206903752,35.207756616081866,704.0054418867652,4,WIFI
1c:b9:c4:16:f4:7c,Ariel_University,[ESS],2017-11-08 13:47:02,36,-83,32.10351035508771,35.207737494685134,703.7824176369427,4,WIFI
ec:8c:a2:08:7a:18,Ariel_University,[ESS],2017-11-08 13:47:04,1,-79,32.10351663035122,35.20771992273023,703.5047257308157,4,WIFI
4c:66:41:3f:b9:7a,AndroidAP,[WPA2-PSK-CCMP][ESS],2017-11-08 13:47:04,1,-85,32.10351663035122,35.20771992273023,703.5047257308157,4,WIFI
ec:8c:a2:08:7b:88,Ariel_University,[ESS],2017-11-08 13:47:06,1,-80,32.1035196169877,35.207717593120854,703.1859412273261,4,WIFI
ec:8c:a2:08:7a:18,Ariel_University,[ESS],2017-11-08 13:47:08,1,-74,32.10352099082883,35.207726863081305,702.8270638104916,4,WIFI
1c:b9:c4:16:d2:8c,Ariel_University,[ESS],2017-11-08 13:47:10,44,-77,32.10352097076219,35.207720789962984,702.6376782788639,4,WIFI
ec:8c:a2:26:b0:58,Ariel_University,[ESS],2017-11-08 13:47:10,11,-87,32.10352097076219,35.207720789962984,702.6376782788639,4,WIFI
1c:b9:c4:16:f4:78,Ariel_University,[ESS],2017-11-08 13:47:10,1,-89,32.10352097076219,35.207720789962984,702.6376782788639,4,WIFI
ec:8c:a2:26:b0:58,Ariel_University,[ESS],2017-11-08 13:47:12,11,-78,32.1035201580338,35.20771571914922,702.3300767904905,4,WIFI
58:70:c6:00:ab:aa,YICarCam_00abaa,[WPA2-PSK-CCMP][WPS][ESS],2017-11-08 13:47:14,5,-87,32.103520699767785,35.20770929854888,702.1808838320363,3,WIFI
ec:8c:a2:26:ae:28,Ariel_University,[ESS],2017-11-08 13:47:14,11,-84,32.103520699767785,35.20770929854888,702.1808838320363,3,WIFI
42507_10072_480148,HOT mobile,HSPA;il,2017-11-08 13:47:14,0,-113,32.103520699767785,35.20770929854888,702.1808838320363,3,GSM
58:70:c6:00:ab:aa,YICarCam_00abaa,[WPA2-PSK-CCMP][WPS][ESS],2017-11-08 13:47:18,5,-81,32.10351658541745,35.207651168935186,701.7757771100958,4,WIFI
f8:d1:11:77:77:fc,TP-LINK_7777FC,[ESS],2017-11-08 13:47:18,1,-89,32.10351658541745,35.207651168935186,701.7757771100958,4,WIFI
1c:b9:c4:16:f4:7c,Ariel_University,[ESS],2017-11-08 13:47:18,36,-77,32.10351658541745,35.207651168935186,701.7757771100958,4,WIFI
ec:8c:a2:26:ae:28,Ariel_University,[ESS],2017-11-08 13:47:20,11,-73,32.10352374804154,35.20760437864815,701.5363852539251,4,WIFI
4c:66:41:3f:b9:7a,AndroidAP,[WPA2-PSK-CCMP][ESS],2017-11-08 13:47:20,1,-77,32.10352374804154,35.20760437864815,701.5363852539251,4,WIFI
3c:bb:fd:01:79:17,AndroidAP,[WPA2-PSK-CCMP][ESS],2017-11-08 13:47:20,6,-90,32.10352374804154,35.20760437864815,701.5363852539251,4,WIFI
ec:8c:a2:0a:08:bc,Ariel_University,[ESS],2017-11-08 13:47:20,44,-73,32.10352374804154,35.20760437864815,701.5363852539251,4,WIFI
4c:66:41:3f:b9:7a,AndroidAP,[WPA2-PSK-CCMP][ESS],2017-11-08 13:47:22,1,-72,32.10351799425808,35.20757943344506,701.203798597289,4,WIFI
a0:8c:fd:0a:14:5b,DIRECT-F1-HP DeskJet 3630 series,[WPA2-PSK-CCMP][WPS][ESS][P2P],2017-11-08 13:47:22,6,-81,32.10351799425808,35.20757943344506,701.203798597289,4,WIFI
1c:b9:c4:16:06:3c,Ariel_University,[ESS],2017-11-08 13:47:22,36,-82,32.10351799425808,35.20757943344506,701.203798597289,4,WIFI
ec:8c:a2:26:b0:58,Ariel_University,[ESS],2017-11-08 13:47:26,11,-73,32.103525694254834,35.2075416049033,700.422436572386,8,WIFI
ec:8c:a2:08:a3:b8,Ariel_University,[ESS],2017-11-08 13:47:26,11,-89,32.103525694254834,35.2075416049033,700.422436572386,8,WIFI
ec:8c:a2:09:84:fc,Ariel_University,[ESS],2017-11-08 13:47:26,36,-84,32.103525694254834,35.2075416049033,700.422436572386,8,WIFI
ec:8c:a2:09:84:f8,Ariel_University,[ESS],2017-11-08 13:47:26,1,-91,32.103525694254834,35.2075416049033,700.422436572386,8,WIFI
ec:8c:a2:8a:08:b7,,[WPA2-PSK-CCMP][ESS],2017-11-08 13:47:28,44,-84,32.10353264840244,35.20755381644298,700.0491431178683,8,WIFI
ec:8c:a2:08:a3:bc,Ariel_University,[ESS],2017-11-08 13:47:28,48,-79,32.10353264840244,35.20755381644298,700.0491431178683,8,WIFI
ec:8c:a2:08:a3:b8,Ariel_University,[ESS],2017-11-08 13:47:30,11,-82,32.1035299186883,35.20755886930672,699.6309937231271,8,WIFI
00:27:19:e3:2d:fe,AUC_51_3,[ESS],2017-11-08 13:47:30,1,-87,32.1035299186883,35.20755886930672,699.6309937231271,8,WIFI
ec:8c:a2:26:ae:28,Ariel_University,[ESS],2017-11-08 13:47:32,11,-68,32.10353069490415,35.20752070549727,699.1139555733315,8,WIFI
ec:8c:a2:88:96:47,,[WPA2-PSK-CCMP][ESS],2017-11-08 13:47:32,52,-83,32.10353069490415,35.20752070549727,699.1139555733315,8,WIFI
ec:8c:a2:08:96:4c,Ariel_University,[ESS],2017-11-08 13:47:32,52,-82,32.10353069490415,35.20752070549727,699.1139555733315,8,WIFI
ec:8c:a2:26:b0:58,Ariel_University,[ESS],2017-11-08 13:47:34,11,-67,32.103514126037716,35.20749046268225,698.6046457926208,8,WIFI
1c:b9:c4:14:2b:1c,Ariel_University,[ESS],2017-11-08 13:47:34,36,-81,32.103514126037716,35.20749046268225,698.6046457926208,8,WIFI
ec:8c:a2:08:ab:dc,Ariel_University,[ESS],2017-11-08 13:47:34,36,-83,32.103514126037716,35.20749046268225,698.6046457926208,8,WIFI
ec:8c:a2:08:96:48,Ariel_University,[ESS],2017-11-08 13:47:34,6,-80,32.103514126037716,35.20749046268225,698.6046457926208,8,WIFI
1c:b9:c4:16:28:88,Ariel_University,[ESS],2017-11-08 13:47:34,11,-86,32.103514126037716,35.20749046268225,698.6046457926208,8,WIFI
00:25:86:cc:00:f8,AUC_54_R,[ESS],2017-11-08 13:47:34,5,-89,32.103514126037716,35.20749046268225,698.6046457926208,8,WIFI
ec:8c:a2:88:77:47,,[WPA2-PSK-CCMP][ESS],2017-11-08 13:47:36,44,-84,32.10350182616483,35.20745118138501,698.1979046778021,8,WIFI
ec:8c:a2:08:77:4c,Ariel_University,[ESS],2017-11-08 13:47:36,44,-82,32.10350182616483,35.20745118138501,698.1979046778021,8,WIFI
00:25:86:cc:07:b2,KCG_54,[ESS],2017-11-08 13:47:36,2,-88,32.10350182616483,35.20745118138501,698.1979046778021,8,WIFI
ec:8c:a2:88:a3:b7,,[WPA2-PSK-CCMP][ESS],2017-11-08 13:47:38,48,-80,32.103505041165846,35.20740565000231,697.9613313895634,8,WIFI
ec:8c:a2:08:77:48,Ariel_University,[ESS],2017-11-08 13:47:38,6,-78,32.103505041165846,35.20740565000231,697.9613313895634,8,WIFI
ec:8c:a2:88:a3:b7,,[WPA2-PSK-CCMP][ESS],2017-11-08 13:47:40,48,-75,32.10350595214475,35.207350487033885,697.7969380476703,8,WIFI
ec:8c:a2:88:ab:d7,,[WPA2-PSK-CCMP][ESS],2017-11-08 13:47:40,36,-72,32.10350595214475,35.207350487033885,697.7969380476703,8,WIFI
1c:b9:c4:16:28:8c,Ariel_University,[ESS],2017-11-08 13:47:40,44,-82,32.10350595214475,35.207350487033885,697.7969380476703,8,WIFI
1c:b9:c4:15:36:7c,Ariel_University,[ESS],2017-11-08 13:47:40,36,-82,32.10350595214475,35.207350487033885,697.7969380476703,8,WIFI
ec:8c:a2:0a:11:9c,Ariel_University,[ESS],2017-11-08 13:47:40,44,-83,32.10350595214475,35.207350487033885,697.7969380476703,8,WIFI
ec:8c:a2:08:ab:d8,Ariel_University,[ESS],2017-11-08 13:47:40,1,-83,32.10350595214475,35.207350487033885,697.7969380476703,8,WIFI
1c:b9:c4:15:36:78,Ariel_University,[ESS],2017-11-08 13:47:40,1,-87,32.10350595214475,35.207350487033885,697.7969380476703,8,WIFI
ec:8c:a2:0a:11:9c,Ariel_University,[ESS],2017-11-08 13:47:42,44,-75,32.10351091837724,35.2073054029142,697.6216862415712,8,WIFI
ec:8c:a2:88:f3:87,,[WPA2-PSK-CCMP][ESS],2017-11-08 13:47:42,36,-76,32.10351091837724,35.2073054029142,697.6216862415712,8,WIFI
ec:8c:a2:0a:08:2c,Ariel_University,[ESS],2017-11-08 13:47:42,36,-65,32.10351091837724,35.2073054029142,697.6216862415712,8,WIFI
ec:8c:a2:09:8e:dc,Ariel_University,[ESS],2017-11-08 13:47:42,44,-76,32.10351091837724,35.2073054029142,697.6216862415712,8,WIFI
ec:8c:a2:08:f3:8c,Ariel_University,[ESS],2017-11-08 13:47:42,36,-79,32.10351091837724,35.2073054029142,697.6216862415712,8,WIFI
ec:8c:a2:09:89:e8,Ariel_University,[ESS],2017-11-08 13:47:42,6,-76,32.10351091837724,35.2073054029142,697.6216862415712,8,WIFI
ec:8c:a2:0a:08:28,Ariel_University,[ESS],2017-11-08 13:47:42,6,-77,32.10351091837724,35.2073054029142,697.6216862415712,8,WIFI
ec:8c:a2:09:84:f8,Ariel_University,[ESS],2017-11-08 13:47:42,1,-82,32.10351091837724,35.2073054029142,697.6216862415712,8,WIFI
ec:8c:a2:09:8e:d8,Ariel_University,[ESS],2017-11-08 13:47:42,1,-86,32.10351091837724,35.2073054029142,697.6216862415712,8,WIFI
ec:8c:a2:08:ab:dc,Ariel_University,[ESS],2017-11-08 13:47:44,36,-70,32.10353827348938,35.20724360813196,697.5731747566938,8,WIFI
ec:8c:a2:89:89:e7,,[WPA2-PSK-CCMP][ESS],2017-11-08 13:47:44,36,-79,32.10353827348938,35.20724360813196,697.5731747566938,8,WIFI
ec:8c:a2:08:96:ec,Ariel_University,[ESS],2017-11-08 13:47:44,44,-78,32.10353827348938,35.20724360813196,697.5731747566938,8,WIFI
ec:8c:a2:09:89:ec,Ariel_University,[ESS],2017-11-08 13:47:44,36,-79,32.10353827348938,35.20724360813196,697.5731747566938,8,WIFI
ec:8c:a2:08:d7:68,Ariel_University,[ESS],2017-11-08 13:47:44,6,-79,32.10353827348938,35.20724360813196,697.5731747566938,8,WIFI
1c:b9:c4:15:36:8c,Ariel_University,[ESS],2017-11-08 13:47:44,44,-86,32.10353827348938,35.20724360813196,697.5731747566938,8,WIFI
ec:8c:a2:0a:11:e8,Ariel_University,[ESS],2017-11-08 13:47:44,1,-83,32.10353827348938,35.20724360813196,697.5731747566938,8,WIFI
ec:8c:a2:26:b0:58,Ariel_University,[ESS],2017-11-08 13:47:46,11,-60,32.10355245409681,35.20719898404926,697.6332112206148,8,WIFI
ec:8c:a2:08:77:4c,Ariel_University,[ESS],2017-11-08 13:47:46,44,-76,32.10355245409681,35.20719898404926,697.6332112206148,8,WIFI
ec:8c:a2:08:ab:d8,Ariel_University,[ESS],2017-11-08 13:47:46,1,-78,32.10355245409681,35.20719898404926,697.6332112206148,8,WIFI
ec:8c:a2:09:8e:d8,Ariel_University,[ESS],2017-11-08 13:47:46,1,-81,32.10355245409681,35.20719898404926,697.6332112206148,8,WIFI
ec:8c:a2:08:99:68,Ariel_University,[ESS],2017-11-08 13:47:46,11,-76,32.10355245409681,35.20719898404926,697.6332112206148,8,WIFI
ec:8c:a2:09:f2:bc,Ariel_University,[ESS],2017-11-08 13:47:46,36,-83,32.10355245409681,35.20719898404926,697.6332112206148,8,WIFI
1c:b9:c4:16:28:88,Ariel_University,[ESS],2017-11-08 13:47:46,11,-80,32.10355245409681,35.20719898404926,697.6332112206148,8,WIFI
ec:8c:a2:09:86:48,Ariel_University,[ESS],2017-11-08 13:47:46,11,-82,32.10355245409681,35.20719898404926,697.6332112206148,8,WIFI
ec:8c:a2:08:96:4c,Ariel_University,[ESS],2017-11-08 13:47:50,52,-77,32.10358653215539,35.2071107441083,697.9828571005357,8,WIFI
ec:8c:a2:88:96:47,,[WPA2-PSK-CCMP][ESS],2017-11-08 13:47:50,52,-77,32.10358653215539,35.2071107441083,697.9828571005357,8,WIFI
1c:b9:c4:96:28:87,,[WPA2-PSK-CCMP][ESS],2017-11-08 13:47:50,44,-81,32.10358653215539,35.2071107441083,697.9828571005357,8,WIFI
ec:8c:a2:09:86:4c,Ariel_University,[ESS],2017-11-08 13:47:50,44,-83,32.10358653215539,35.2071107441083,697.9828571005357,8,WIFI
1c:b9:c4:15:36:8c,Ariel_University,[ESS],2017-11-08 13:47:52,44,-80,32.10356431979092,35.20715181061716,698.1678770464849,8,WIFI
1c:b9:c4:95:36:87,,[WPA2-PSK-CCMP][ESS],2017-11-08 13:47:52,44,-79,32.10356431979092,35.20715181061716,698.1678770464849,8,WIFI
ec:8c:a2:09:84:fc,Ariel_University,[ESS],2017-11-08 13:47:52,36,-75,32.10356431979092,35.20715181061716,698.1678770464849,8,WIFI
ec:8c:a2:09:8c:a8,Ariel_University,[ESS],2017-11-08 13:47:52,11,-83,32.10356431979092,35.20715181061716,698.1678770464849,8,WIFI
1c:b9:c4:94:2b:17,,[WPA2-PSK-CCMP][ESS],2017-11-08 13:47:54,36,-84,32.10358097589735,35.20715730915376,698.192042350194,6,WIFI
1c:b9:c4:15:36:88,Ariel_University,[ESS],2017-11-08 13:47:54,6,-87,32.10358097589735,35.20715730915376,698.192042350194,6,WIFI
ec:8c:a2:08:a3:bc,Ariel_University,[ESS],2017-11-08 13:47:56,48,-74,32.10360500807479,35.207147586017584,698.2039929293786,6,WIFI
00:27:19:e3:2d:fe,AUC_51_3,[ESS],2017-11-08 13:47:56,1,-82,32.10360500807479,35.207147586017584,698.2039929293786,6,WIFI
14:ae:db:46:62:2d,Nadav,[WPA2-PSK-CCMP][ESS],2017-11-08 13:47:58,6,-89,32.10362692243864,35.20711672419125,698.1590317005802,6,WIFI
3c:52:82:ef:d4:1e,DIRECT-1D-HP DeskJet 3630 series,[WPA2-PSK-CCMP][WPS][ESS][P2P],2017-11-08 13:48:00,6,-88,32.103642912152374,35.20708662101196,698.1089701563754,6,WIFI
1c:b9:c4:15:36:88,Ariel_University,[ESS],2017-11-08 13:48:08,6,-82,32.1036525330676,35.207008419512825,697.8022707241618,6,WIFI
1c:b9:c4:16:06:38,Ariel_University,[ESS],2017-11-08 13:48:08,6,-82,32.1036525330676,35.207008419512825,697.8022707241618,6,WIFI
ec:8c:a2:89:84:f7,,[WPA2-PSK-CCMP][ESS],2017-11-08 13:48:10,36,-76,32.10365388530949,35.2069881027773,697.7094015809671,6,WIFI
1c:b9:c4:16:ec:5c,Ariel_University,[ESS],2017-11-08 13:48:10,58,-86,32.10365388530949,35.2069881027773,697.7094015809671,6,WIFI
42507_10072_480144,HOT mobile,UMTS;il,2017-11-08 13:48:10,0,-113,32.10365388530949,35.2069881027773,697.7094015809671,6,GSM
ec:8c:a2:09:84:f8,Ariel_University,[ESS],2017-11-08 13:48:12,1,-77,32.1036576654472,35.2069607643966,697.5975475016065,6,WIFI
1c:b9:c4:16:06:3c,Ariel_University,[ESS],2017-11-08 13:48:12,36,-77,32.1036576654472,35.2069607643966,697.5975475016065,6,WIFI
1c:b9:c4:96:06:37,,[WPA2-PSK-CCMP][ESS],2017-11-08 13:48:12,36,-77,32.1036576654472,35.2069607643966,697.5975475016065,6,WIFI
00:25:86:cc:07:b2,KCG_54,[ESS],2017-11-08 13:48:12,2,-79,32.1036576654472,35.2069607643966,697.5975475016065,6,WIFI
1c:b9:c4:14:2b:18,Ariel_University,[ESS],2017-11-08 13:48:12,11,-89,32.1036576654472,35.2069607643966,697.5975475016065,6,WIFI
00:25:86:cc:00:f8,AUC_54_R,[ESS],2017-11-08 13:48:14,5,-75,32.10365434108709,35.206946400317456,697.4503454676053,6,WIFI
ec:8c:a2:08:7a:1c,Ariel_University,[ESS],2017-11-08 13:48:16,36,-68,32.103657723442566,35.20693785437715,697.2453417747172,6,WIFI
1c:b9:c4:16:ec:5c,Ariel_University,[ESS],2017-11-08 13:48:18,58,-81,32.1036560885446,35.20692957297135,696.9632299827717,6,WIFI
42507_10072_516798,HOT mobile,UMTS;il,2017-11-08 13:48:18,0,-113,32.1036560885446,35.20692957297135,696.9632299827717,6,GSM
c0:ac:54:f5:ff:4b,YanivIsGay,[WPA-PSK-CCMP+TKIP][WPA2-PSK-CCMP+TKIP][ESS],2017-11-08 13:48:20,11,-89,32.10364759510882,35.206904966994415,696.6660348723976,6,WIFI
ec:8c:a2:09:8c:7c,Ariel_University,[ESS],2017-11-08 13:48:22,48,-81,32.103636565999786,35.206888208227646,696.3609882550921,4,WIFI
a0:8c:fd:0a:14:5b,DIRECT-F1-HP DeskJet 3630 series,[WPA2-PSK-CCMP][WPS][ESS][P2P],2017-11-08 13:48:24,6,-76,32.10362448410399,35.206879506538144,696.0528634477848,4,WIFI
1c:b9:c4:14:2b:1c,Ariel_University,[ESS],2017-11-08 13:48:24,36,-76,32.10362448410399,35.206879506538144,696.0528634477848,4,WIFI
1c:b9:c4:16:18:7c,Ariel_University,[ESS],2017-11-08 13:48:24,52,-82,32.10362448410399,35.206879506538144,696.0528634477848,4,WIFI
1c:b9:c4:16:18:78,Ariel_University,[ESS],2017-11-08 13:48:24,1,-82,32.10362448410399,35.206879506538144,696.0528634477848,4,WIFI
1c:b9:c4:15:36:8c,Ariel_University,[ESS],2017-11-08 13:48:27,44,-72,32.10359706328224,35.206843503551134,695.5793869604978,4,WIFI
1c:b9:c4:15:36:88,Ariel_University,[ESS],2017-11-08 13:48:27,6,-74,32.10359706328224,35.206843503551134,695.5793869604978,4,WIFI
1c:b9:c4:96:06:37,,[WPA2-PSK-CCMP][ESS],2017-11-08 13:48:27,36,-72,32.10359706328224,35.206843503551134,695.5793869604978,4,WIFI
1c:b9:c4:16:06:3c,Ariel_University,[ESS],2017-11-08 13:48:27,36,-72,32.10359706328224,35.206843503551134,695.5793869604978,4,WIFI
f8:d1:11:77:77:fc,TP-LINK_7777FC,[ESS],2017-11-08 13:48:27,1,-80,32.10359706328224,35.206843503551134,695.5793869604978,4,WIFI
42507_10072_516797,HOT mobile,UMTS;il,2017-11-08 13:48:27,0,-113,32.10359706328224,35.206843503551134,695.5793869604978,4,GSM
1c:b9:c4:96:ec:57,,[WPA2-PSK-CCMP][ESS],2017-11-08 13:48:29,58,-83,32.10359091769246,35.20683254764111,695.2620928534171,4,WIFI
1c:b9:c4:15:36:8c,Ariel_University,[ESS],2017-11-08 13:48:31,44,-64,32.10359209070963,35.20681905524774,694.9100942343313,4,WIFI
1c:b9:c4:14:2b:1c,Ariel_University,[ESS],2017-11-08 13:48:31,36,-67,32.10359209070963,35.20681905524774,694.9100942343313,4,WIFI
1c:b9:c4:95:36:87,,[WPA2-PSK-CCMP][ESS],2017-11-08 13:48:31,44,-65,32.10359209070963,35.20681905524774,694.9100942343313,4,WIFI
1c:b9:c4:94:2b:17,,[WPA2-PSK-CCMP][ESS],2017-11-08 13:48:31,36,-67,32.10359209070963,35.20681905524774,694.9100942343313,4,WIFI
1c:b9:c4:14:2b:18,Ariel_University,[ESS],2017-11-08 13:48:31,11,-77,32.10359209070963,35.20681905524774,694.9100942343313,4,WIFI
1c:b9:c4:16:06:3c,Ariel_University,[ESS],2017-11-08 13:48:33,36,-66,32.10359221504471,35.20681695988307,694.8745383098602,4,WIFI
1c:b9:c4:16:ec:58,Ariel_University,[ESS],2017-11-08 13:48:33,11,-87,32.10359221504471,35.20681695988307,694.8745383098602,4,WIFI
1c:b9:c4:15:36:8c,Ariel_University,[ESS],2017-11-08 13:48:35,44,-57,32.103588560232154,35.20680502571481,694.4900900670159,4,WIFI
ec:8c:a2:88:7a:17,,[WPA2-PSK-CCMP][ESS],2017-11-08 13:48:35,36,-69,32.103588560232154,35.20680502571481,694.4900900670159,4,WIFI
ec:8c:a2:08:94:5c,Ariel_University,[ESS],2017-11-08 13:48:35,44,-81,32.103588560232154,35.20680502571481,694.4900900670159,4,WIFI
1c:b9:c4:15:36:88,Ariel_University,[ESS],2017-11-08 13:48:38,6,-63,32.103589115969136,35.20679073139937,694.2441144169037,6,WIFI
1c:b9:c4:16:ec:5c,Ariel_University,[ESS],2017-11-08 13:48:38,58,-73,32.103589115969136,35.20679073139937,694.2441144169037,6,WIFI
1c:b9:c4:14:2b:1c,Ariel_University,[ESS],2017-11-08 13:48:38,36,-50,32.103589115969136,35.20679073139937,694.2441144169037,6,WIFI
1c:b9:c4:96:06:37,,[WPA2-PSK-CCMP][ESS],2017-11-08 13:48:38,36,-57,32.103589115969136,35.20679073139937,694.2441144169037,6,WIFI
1c:b9:c4:16:06:3c,Ariel_University,[ESS],2017-11-08 13:48:38,36,-56,32.103589115969136,35.20679073139937,694.2441144169037,6,WIFI
f8:d1:11:77:77:fc,TP-LINK_7777FC,[ESS],2017-11-08 13:48:38,1,-64,32.103589115969136,35.20679073139937,694.2441144169037,6,WIFI
1c:b9:c4:96:ec:57,,[WPA2-PSK-CCMP][ESS],2017-11-08 13:48:38,58,-73,32.103589115969136,35.20679073139937,694.2441144169037,6,WIFI
ec:8c:a2:08:94:5c,Ariel_University,[ESS],2017-11-08 13:48:38,44,-69,32.103589115969136,35.20679073139937,694.2441144169037,6,WIFI
1c:b9:c4:16:18:7c,Ariel_University,[ESS],2017-11-08 13:48:38,52,-77,32.103589115969136,35.20679073139937,694.2441144169037,6,WIFI
ec:8c:a2:08:94:58,Ariel_University,[ESS],2017-11-08 13:48:38,1,-86,32.103589115969136,35.20679073139937,694.2441144169037,6,WIFI
1c:b9:c4:15:36:8c,Ariel_University,[ESS],2017-11-08 13:48:41,44,-48,32.103588875271186,35.20677779061717,693.8242704313695,8,WIFI
1c:b9:c4:95:36:87,,[WPA2-PSK-CCMP][ESS],2017-11-08 13:48:41,44,-49,32.103588875271186,35.20677779061717,693.8242704313695,8,WIFI
1c:b9:c4:94:2b:17,,[WPA2-PSK-CCMP][ESS],2017-11-08 13:48:41,36,-48,32.103588875271186,35.20677779061717,693.8242704313695,8,WIFI
1c:b9:c4:14:2b:18,Ariel_University,[ESS],2017-11-08 13:48:41,11,-64,32.103588875271186,35.20677779061717,693.8242704313695,8,WIFI
1c:b9:c4:16:06:38,Ariel_University,[ESS],2017-11-08 13:48:41,6,-56,32.103588875271186,35.20677779061717,693.8242704313695,8,WIFI
ec:8c:a2:08:94:58,Ariel_University,[ESS],2017-11-08 13:48:41,1,-77,32.103588875271186,35.20677779061717,693.8242704313695,8,WIFI
1c:b9:c4:96:18:77,,[WPA2-PSK-CCMP][ESS],2017-11-08 13:48:41,52,-73,32.103588875271186,35.20677779061717,693.8242704313695,8,WIFI
ec:8c:a2:09:8c:78,Ariel_University,[ESS],2017-11-08 13:48:41,1,-82,32.103588875271186,35.20677779061717,693.8242704313695,8,WIFI
1c:b9:c4:15:36:88,Ariel_University,[ESS],2017-11-08 13:48:43,6,-55,32.10358898267782,35.20677830276643,693.7828579306233,8,WIFI
1c:b9:c4:16:18:78,Ariel_University,[ESS],2017-11-08 13:48:43,1,-73,32.10358898267782,35.20677830276643,693.7828579306233,8,WIFI
1c:b9:c4:16:18:7c,Ariel_University,[ESS],2017-11-08 13:48:43,52,-68,32.10358898267782,35.20677830276643,693.7828579306233,8,WIFI
1c:b9:c4:96:18:77,,[WPA2-PSK-CCMP][ESS],2017-11-08 13:48:43,52,-68,32.10358898267782,35.20677830276643,693.7828579306233,8,WIFI
ec:8c:a2:08:7a:18,Ariel_University,[ESS],2017-11-08 13:48:46,1,-83,32.103582793292475,35.206716330809634,693.0790993453538,8,WIFI
ec:8c:a2:08:94:5c,Ariel_University,[ESS],2017-11-08 13:48:46,44,-63,32.103582793292475,35.206716330809634,693.0790993453538,8,WIFI
ec:8c:a2:09:8c:7c,Ariel_University,[ESS],2017-11-08 13:48:46,48,-59,32.103582793292475,35.206716330809634,693.0790993453538,8,WIFI
42507_10072_470809,HOT mobile,UMTS;il,2017-11-08 13:48:46,0,-113,32.103582793292475,35.206716330809634,693.0790993453538,8,GSM
1c:b9:c4:96:ec:57,,[WPA2-PSK-CCMP][ESS],2017-11-08 13:48:48,58,-68,32.10357805047205,35.20668546141825,692.6119228198293,8,WIFI
ec:8c:a2:08:94:58,Ariel_University,[ESS],2017-11-08 13:48:48,1,-72,32.10357805047205,35.20668546141825,692.6119228198293,8,WIFI
1c:b9:c4:16:ec:58,Ariel_University,[ESS],2017-11-08 13:48:48,11,-78,32.10357805047205,35.20668546141825,692.6119228198293,8,WIFI
1c:b9:c4:16:ec:5c,Ariel_University,[ESS],2017-11-08 13:48:52,58,-67,32.10355643128333,35.20661179956083,691.6265207476282,8,WIFI
ec:8c:a2:08:94:5c,Ariel_University,[ESS],2017-11-08 13:48:52,44,-51,32.10355643128333,35.20661179956083,691.6265207476282,8,WIFI
1c:b9:c4:16:ec:58,Ariel_University,[ESS],2017-11-08 13:48:52,11,-69,32.10355643128333,35.20661179956083,691.6265207476282,8,WIFI
1c:b9:c4:16:18:78,Ariel_University,[ESS],2017-11-08 13:48:53,1,-68,32.103564546659776,35.20658578740145,691.3779236174327,12,WIFI
ec:8c:a2:08:94:58,Ariel_University,[ESS],2017-11-08 13:48:53,1,-67,32.103564546659776,35.20658578740145,691.3779236174327,12,WIFI
ec:8c:a2:88:94:57,,[WPA2-PSK-CCMP][ESS],2017-11-08 13:48:53,44,-55,32.103564546659776,35.20658578740145,691.3779236174327,12,WIFI
1c:b9:c4:16:ec:5c,Ariel_University,[ESS],2017-11-08 13:48:56,58,-51,32.10357648220939,35.206563030359966,690.7246906701233,12,WIFI
1c:b9:c4:96:ec:57,,[WPA2-PSK-CCMP][ESS],2017-11-08 13:48:56,58,-51,32.10357648220939,35.206563030359966,690.7246906701233,12,WIFI
42507_10072_470805,HOT mobile,UMTS;il,2017-11-08 13:48:56,0,-113,32.10357648220939,35.206563030359966,690.7246906701233,12,GSM
1c:b9:c4:16:18:78,Ariel_University,[ESS],2017-11-08 13:48:56,1,-61,32.10357648220939,35.206563030359966,690.7246906701233,12,WIFI
ec:8c:a2:89:8c:77,,[WPA2-PSK-CCMP][ESS],2017-11-08 13:48:56,48,-68,32.10357648220939,35.206563030359966,690.7246906701233,12,WIFI
00:25:86:cc:00:f8,AUC_54_R,[ESS],2017-11-08 13:49:07,5,-68,32.10351386709949,35.20677761269547,688.1282140293163,8,WIFI
1c:b9:c4:16:04:d8,Ariel_University,[ESS],2017-11-08 13:49:07,1,-85,32.10351386709949,35.20677761269547,688.1282140293163,8,WIFI
1c:b9:c4:15:41:f8,Ariel_University,[ESS],2017-11-08 13:49:10,1,-86,32.103545200926256,35.20676337876273,686.6645116704344,8,WIFI
1c:b9:c4:16:04:d8,Ariel_University,[ESS],2017-11-08 13:49:12,1,-80,32.103568143530126,35.206767711797056,685.7330283154918,8,WIFI
1c:b9:c4:96:cc:a7,,[WPA2-PSK-CCMP][ESS],2017-11-08 13:49:12,44,-68,32.103568143530126,35.206767711797056,685.7330283154918,8,WIFI
1c:b9:c4:16:cc:ac,Ariel_University,[ESS],2017-11-08 13:49:12,44,-68,32.103568143530126,35.206767711797056,685.7330283154918,8,WIFI
1c:b9:c4:55:44:73,island-154470,[WPA2-PSK-CCMP][ESS],2017-11-08 13:49:14,9,-82,32.10360083577504,35.20677404753544,684.8538463911119,6,WIFI
1c:b9:c4:15:41:fc,Ariel_University,[ESS],2017-11-08 13:49:14,44,-75,32.10360083577504,35.20677404753544,684.8538463911119,6,WIFI
ec:8c:a2:08:a3:28,Ariel_University,[ESS],2017-11-08 13:49:14,11,-87,32.10360083577504,35.20677404753544,684.8538463911119,6,WIFI
1c:b9:c4:95:41:f7,,[WPA2-PSK-CCMP][ESS],2017-11-08 13:49:18,44,-75,32.1036767904733,35.20678745937734,683.298344032427,6,WIFI
ec:8c:a2:08:a3:2c,Ariel_University,[ESS],2017-11-08 13:49:20,36,-83,32.10372005756577,35.20678644521036,682.622487347115,6,WIFI
1c:b9:c4:96:04:d7,,[WPA2-PSK-CCMP][ESS],2017-11-08 13:49:20,36,-80,32.10372005756577,35.20678644521036,682.622487347115,6,WIFI
1c:b9:c4:16:04:dc,Ariel_University,[ESS],2017-11-08 13:49:20,36,-79,32.10372005756577,35.20678644521036,682.622487347115,6,WIFI
1c:b9:c4:16:ed:fc,Ariel_University,[ESS],2017-11-08 13:49:26,36,-83,32.10381734795115,35.20677275901482,681.249221564184,6,WIFI
ec:8c:a2:08:a3:28,Ariel_University,[ESS],2017-11-08 13:49:28,11,-80,32.103845162902616,35.20676249787944,680.946150613752,6,WIFI
1c:b9:c4:55:44:73,island-154470,[WPA2-PSK-CCMP][ESS],2017-11-08 13:49:28,9,-75,32.103845162902616,35.20676249787944,680.946150613752,6,WIFI
1c:b9:c4:16:ed:f8,Ariel_University,[ESS],2017-11-08 13:49:28,1,-85,32.103845162902616,35.20676249787944,680.946150613752,6,WIFI
ec:8c:a2:88:a3:27,,[WPA2-PSK-CCMP][ESS],2017-11-08 13:49:32,36,-82,32.103912891339796,35.20675314283776,680.4550367192744,4,WIFI
00:25:86:cc:07:b2,KCG_54,[ESS],2017-11-08 13:49:36,2,-74,32.10394957481803,35.2068028630342,680.0210817477601,4,WIFI
42507_10072_480151,HOT mobile,UMTS;il,2017-11-08 13:49:38,0,-113,32.10395920901936,35.206824420443866,679.836477015892,4,GSM
1c:b9:c4:15:41:fc,Ariel_University,[ESS],2017-11-08 13:49:47,44,-70,32.10401357178955,35.206906176674984,679.2422054042845,4,WIFI
ec:8c:a2:88:a2:47,,[WPA2-PSK-CCMP][ESS],2017-11-08 13:49:47,36,-82,32.10401357178955,35.206906176674984,679.2422054042845,4,WIFI
ec:8c:a2:08:a2:4c,Ariel_University,[ESS],2017-11-08 13:49:47,36,-83,32.10401357178955,35.206906176674984,679.2422054042845,4,WIFI
1c:b9:c4:15:41:fc,Ariel_University,[ESS],2017-11-08 13:49:49,44,-65,32.104020417112345,35.20691437001187,679.1165920409244,6,WIFI
1c:b9:c4:16:cc:ac,Ariel_University,[ESS],2017-11-08 13:49:51,44,-60,32.10403030046757,35.2069243102128,678.9804379236443,6,WIFI
1c:b9:c4:15:41:fc,Ariel_University,[ESS],2017-11-08 13:49:51,44,-50,32.10403030046757,35.2069243102128,678.9804379236443,6,WIFI
1c:b9:c4:15:41:f8,Ariel_University,[ESS],2017-11-08 13:49:51,1,-69,32.10403030046757,35.2069243102128,678.9804379236443,6,WIFI
ec:8c:a2:08:a2:4c,Ariel_University,[ESS],2017-11-08 13:49:51,36,-76,32.10403030046757,35.2069243102128,678.9804379236443,6,WIFI
1c:b9:c4:16:cc:a8,Ariel_University,[ESS],2017-11-08 13:49:51,11,-78,32.10403030046757,35.2069243102128,678.9804379236443,6,WIFI
1c:b9:c4:15:44:3c,Ariel_University,[ESS],2017-11-08 13:49:51,36,-82,32.10403030046757,35.2069243102128,678.9804379236443,6,WIFI
1c:b9:c4:15:fd:6c,Ariel_University,[ESS],2017-11-08 13:49:51,36,-82,32.10403030046757,35.2069243102128,678.9804379236443,6,WIFI
ec:8c:a2:08:95:8c,Ariel_University,[ESS],2017-11-08 13:49:51,36,-85,32.10403030046757,35.2069243102128,678.9804379236443,6,WIFI
ec:8c:a2:08:a2:48,Ariel_University,[ESS],2017-11-08 13:49:51,6,-83,32.10403030046757,35.2069243102128,678.9804379236443,6,WIFI
ec:8c:a2:88:a2:47,,[WPA2-PSK-CCMP][ESS],2017-11-08 13:49:53,36,-77,32.10405464269103,35.206942330083905,678.8468632954811,6,WIFI
ec:8c:a2:88:a2:47,,[WPA2-PSK-CCMP][ESS],2017-11-08 13:50:06,36,-65,32.104216258760914,35.20690747723956,678.459543192728,8,WIFI
ec:8c:a2:08:a2:4c,Ariel_University,[ESS],2017-11-08 13:50:06,36,-66,32.104216258760914,35.20690747723956,678.459543192728,8,WIFI
ec:8c:a2:08:95:8c,Ariel_University,[ESS],2017-11-08 13:50:06,36,-69,32.104216258760914,35.20690747723956,678.459543192728,8,WIFI
ec:8c:a2:08:a2:48,Ariel_University,[ESS],2017-11-08 13:50:06,6,-69,32.104216258760914,35.20690747723956,678.459543192728,8,WIFI
ec:8c:a2:88:95:87,,[WPA2-PSK-CCMP][ESS],2017-11-08 13:50:06,36,-68,32.104216258760914,35.20690747723956,678.459543192728,8,WIFI
06:ae:db:53:3f:a5,BezeqFree,[WPA2-PSK-CCMP][ESS],2017-11-08 13:50:06,6,-83,32.104216258760914,35.20690747723956,678.459543192728,8,WIFI
ec:8c:a2:09:8c:68,Ariel_University,[ESS],2017-11-08 13:50:06,1,-76,32.104216258760914,35.20690747723956,678.459543192728,8,WIFI
8c:0c:90:2e:0f:c8,Ariel_University,[ESS],2017-11-08 13:50:06,11,-87,32.104216258760914,35.20690747723956,678.459543192728,8,WIFI
ec:8c:a2:08:a2:4c,Ariel_University,[ESS],2017-11-08 13:50:09,36,-55,32.10427054588759,35.206860213319864,678.3282559713214,8,WIFI
ec:8c:a2:08:95:88,Ariel_University,[ESS],2017-11-08 13:50:09,1,-79,32.10427054588759,35.206860213319864,678.3282559713214,8,WIFI
ec:8c:a2:08:aa:d8,Ariel_University,[ESS],2017-11-08 13:50:09,6,-80,32.10427054588759,35.206860213319864,678.3282559713214,8,WIFI
f0:b0:52:3e:d0:9c,Ariel_University,[ESS],2017-11-08 13:50:09,36,-86,32.10427054588759,35.206860213319864,678.3282559713214,8,WIFI
24:c9:a1:35:aa:b8,Ariel_University,[ESS],2017-11-08 13:50:09,2,-85,32.10427054588759,35.206860213319864,678.3282559713214,8,WIFI
14:ae:db:53:3f:a5,bz300683,[WPA2-PSK-CCMP][ESS],2017-11-08 13:50:11,6,-84,32.10429992889958,35.206842320091724,678.3125813243528,8,WIFI
f0:b0:52:3e:c8:58,Ariel_University,[ESS],2017-11-08 13:50:11,6,-87,32.10429992889958,35.206842320091724,678.3125813243528,8,WIFI
ec:8c:a2:08:a2:48,Ariel_University,[ESS],2017-11-08 13:50:13,6,-63,32.104325918506625,35.20683183090794,678.3518571104102,6,WIFI
ec:8c:a2:09:8c:6c,Ariel_University,[ESS],2017-11-08 13:50:13,36,-71,32.104325918506625,35.20683183090794,678.3518571104102,6,WIFI
78:f8:82:a0:0a:49,????? ????,[WPA2-PSK-CCMP][ESS],2017-11-08 13:50:15,6,-91,32.10435251037241,35.206835116408165,678.3836336064718,6,WIFI
1c:b9:c4:15:fd:68,Ariel_University,[ESS],2017-11-08 13:50:17,11,-89,32.10437594251948,35.20683533078302,678.3847303953421,6,WIFI
1c:b9:c4:95:41:f7,,[WPA2-PSK-CCMP][ESS],2017-11-08 13:50:21,44,-69,32.1044072893495,35.20683051588837,678.3290928703358,4,WIFI
ec:8c:a2:88:aa:d7,,[WPA2-PSK-CCMP][ESS],2017-11-08 13:50:21,36,-78,32.1044072893495,35.20683051588837,678.3290928703358,4,WIFI
ec:8c:a2:08:aa:dc,Ariel_University,[ESS],2017-11-08 13:50:21,36,-77,32.1044072893495,35.20683051588837,678.3290928703358,4,WIFI
ec:8c:a2:89:8c:67,,[WPA2-PSK-CCMP][ESS],2017-11-08 13:50:23,36,-68,32.10440928212855,35.20683254602077,678.2916207655974,4,WIFI
70:5a:0f:5c:b0:0b,DIRECT-80-HP DeskJet 3630 series,[WPA2-PSK-CCMP][WPS][ESS][P2P],2017-11-08 13:50:25,6,-86,32.104410905691864,35.20683239669179,678.2871092451215,4,WIFI
f0:b0:52:3e:c8:ec,Ariel_University,[ESS],2017-11-08 13:50:25,52,-84,32.104410905691864,35.20683239669179,678.2871092451215,4,WIFI
ec:8c:a2:08:95:88,Ariel_University,[ESS],2017-11-08 13:50:30,1,-72,32.10441086085957,35.206832562912666,678.2756743460998,4,WIFI
78:f8:82:a0:0a:49,????? ????,[WPA2-PSK-CCMP][ESS],2017-11-08 13:50:30,6,-84,32.10441086085957,35.206832562912666,678.2756743460998,4,WIFI
f0:b0:52:3e:c8:e8,Ariel_University,[ESS],2017-11-08 13:50:30,1,-88,32.10441086085957,35.206832562912666,678.2756743460998,4,WIFI
1c:b9:c4:95:fd:67,,[WPA2-PSK-CCMP][ESS],2017-11-08 13:50:30,36,-84,32.10441086085957,35.206832562912666,678.2756743460998,4,WIFI
ec:8c:a2:08:95:8c,Ariel_University,[ESS],2017-11-08 13:50:33,36,-64,32.104410487917306,35.206832409786465,678.2647568634266,4,WIFI
f0:b0:52:3e:c7:ac,Ariel_University,[ESS],2017-11-08 13:50:33,36,-83,32.104410487917306,35.206832409786465,678.2647568634266,4,WIFI
8c:0c:90:2f:cb:d8,Ariel_University,[ESS],2017-11-08 13:50:36,6,-85,32.10441040115584,35.20683247634142,678.2510517132015,4,WIFI
f0:b0:52:3e:d0:98,Ariel_University,[ESS],2017-11-08 13:50:39,1,-86,32.10441011818491,35.20683278472025,678.2379320139822,4,WIFI
24:c9:a1:35:aa:b8,Ariel_University,[ESS],2017-11-08 13:50:54,2,-80,32.104413840782236,35.20683691241284,678.1842190350308,4,WIFI
f0:b0:52:3e:c7:a8,Ariel_University,[ESS],2017-11-08 13:51:00,11,-90,32.104419189381574,35.20683661972547,677.9657962788315,4,WIFI
f0:b0:52:be:c7:a7,,[WPA2-PSK-CCMP][ESS],2017-11-08 13:51:10,36,-84,32.10442204102759,35.20684004408465,677.5884780317821,4,WIFI
f0:b0:52:3e:d8:98,Ariel_University,[ESS],2017-11-08 13:51:27,1,-91,32.10441494115973,35.206840976868364,677.4614246387351,4,WIFI
24:c9:a1:b5:aa:b3,,[WPA2-PSK-CCMP][ESS],2017-11-08 13:51:57,2,-88,32.10440765388453,35.20685067900013,677.320565467292,4,WIFI
00:7c:05:18:b0:0d,Wifi Display B00D,[ESS],2017-11-08 13:52:48,6,-87,32.10440618089464,35.20686035681964,677.2195582345129,4,WIFI
1c:b9:c4:95:44:37,,[WPA2-PSK-CCMP][ESS],2017-11-08 13:54:25,36,-83,32.10439936379043,35.20684879679123,675.4617837697346,8,WIFI
e2:a5:3e:11:11:fd,?-iPhone ?? Yakir,[WPA2-PSK-CCMP][ESS],2017-11-08 13:56:01,1,-85,32.10440809633971,35.20681076516041,676.6184340006125,6,WIFI
c0:bd:d1:63:33:a0,Android-AP,[WPA2-PSK-CCMP][ESS],2017-11-08 13:56:01,11,-90,32.10440809633971,35.20681076516041,676.6184340006125,6,WIFI
ec:8c:a2:88:a2:47,,[WPA2-PSK-CCMP][ESS],2017-11-08 13:56:07,36,-54,32.10439186071148,35.20681861970146,676.9356152916282,4,WIFI
1c:b9:c4:15:44:38,Ariel_University,[ESS],2017-11-08 13:56:07,11,-94,32.10439186071148,35.20681861970146,676.9356152916282,4,WIFI
8c:0c:90:2f:cb:d8,Ariel_University,[ESS],2017-11-08 13:56:09,6,-78,32.10436938118203,35.20682530897116,677.057771907032,4,WIFI
ec:8c:a2:09:8c:6c,Ariel_University,[ESS],2017-11-08 13:56:13,36,-65,32.104326043300304,35.20684179906714,677.29250001104,4,WIFI
42507_10072_516799,HOT mobile,UMTS;il,2017-11-08 13:56:13,0,-113,32.104326043300304,35.20684179906714,677.29250001104,4,GSM
1c:b9:c4:16:cc:ac,Ariel_University,[ESS],2017-11-08 13:56:27,44,-53,32.10414500415937,35.20690272874468,678.3343343231105,6,WIFI
1c:b9:c4:95:41:f7,,[WPA2-PSK-CCMP][ESS],2017-11-08 13:56:27,44,-55,32.10414500415937,35.20690272874468,678.3343343231105,6,WIFI
1c:b9:c4:15:41:f8,Ariel_University,[ESS],2017-11-08 13:56:29,1,-64,32.10412789338831,35.206904943637326,678.5309356090356,8,WIFI
1c:b9:c4:15:44:38,Ariel_University,[ESS],2017-11-08 13:56:29,11,-87,32.10412789338831,35.206904943637326,678.5309356090356,8,WIFI
1c:b9:c4:16:cc:a8,Ariel_University,[ESS],2017-11-08 13:56:29,11,-67,32.10412789338831,35.206904943637326,678.5309356090356,8,WIFI
1c:b9:c4:96:cc:a7,,[WPA2-PSK-CCMP][ESS],2017-11-08 13:56:29,44,-61,32.10412789338831,35.206904943637326,678.5309356090356,8,WIFI
f8:d1:11:77:77:d6,masa2,[ESS],2017-11-08 13:56:29,6,-85,32.10412789338831,35.206904943637326,678.5309356090356,8,WIFI
1c:b9:c4:16:04:d8,Ariel_University,[ESS],2017-11-08 13:59:56,1,-66,32.10398314900017,35.20596181557058,731.9091702626359,48,WIFI
f8:d1:11:77:77:d6,masa2,[ESS],2017-11-08 13:59:56,6,-79,32.10398314900017,35.20596181557058,731.9091702626359,48,WIFI
1c:b9:c4:15:fd:68,Ariel_University,[ESS],2017-11-08 13:59:56,11,-69,32.10398314900017,35.20596181557058,731.9091702626359,48,WIFI
1c:b9:c4:16:04:dc,Ariel_University,[ESS],2017-11-08 13:59:56,36,-58,32.10398314900017,35.20596181557058,731.9091702626359,48,WIFI
1c:b9:c4:15:fd:6c,Ariel_University,[ESS],2017-11-08 13:59:56,36,-57,32.10398314900017,35.20596181557058,731.9091702626359,48,WIFI
1c:b9:c4:16:ed:f8,Ariel_University,[ESS],2017-11-08 13:59:56,1,-75,32.10398314900017,35.20596181557058,731.9091702626359,48,WIFI
1c:b9:c4:16:ed:fc,Ariel_University,[ESS],2017-11-08 13:59:56,36,-78,32.10398314900017,35.20596181557058,731.9091702626359,48,WIFI
1c:b9:c4:15:44:3c,Ariel_University,[ESS],2017-11-08 13:59:56,36,-76,32.10398314900017,35.20596181557058,731.9091702626359,48,WIFI
1c:b9:c4:96:04:d7,,[WPA2-PSK-CCMP][ESS],2017-11-08 13:59:56,36,-54,32.10398314900017,35.20596181557058,731.9091702626359,48,WIFI
1c:b9:c4:95:fd:67,,[WPA2-PSK-CCMP][ESS],2017-11-08 13:59:56,36,-58,32.10398314900017,35.20596181557058,731.9091702626359,48,WIFI
1c:b9:c4:96:ed:f7,,[WPA2-PSK-CCMP][ESS],2017-11-08 13:59:56,36,-79,32.10398314900017,35.20596181557058,731.9091702626359,48,WIFI
42507_10072_480144,HOT mobile,UMTS;il,2017-11-08 13:59:56,0,-113,32.10398314900017,35.20596181557058,731.9091702626359,48,GSM
1c:b9:c4:96:ed:f7,,[WPA2-PSK-CCMP][ESS],1970-01-01 02:00:00,36,-82,32.1083254806443,35.23425565757291,0,90.45376586914062,WIFI
1c:b9:c4:55:44:73,island-154470,[WPA2-PSK-CCMP][ESS],1970-01-01 02:00:00,9,-63,32.10470687094086,35.2106774559043,0,90.45376586914062,WIFI
1c:b9:c4:16:cc:a8,Ariel_University,[ESS],1970-01-01 02:00:00,11,-82,32.10470687094086,35.2106774559043,0,90.45376586914062,WIFI
1c:b9:c4:16:04:d8,Ariel_University,[ESS],1970-01-01 02:00:00,1,-63,32.10470687094086,35.2106774559043,0,90.45376586914062,WIFI
f8:d1:11:77:77:d6,masa2,[ESS],1970-01-01 02:00:00,6,-82,32.10470687094086,35.2106774559043,0,90.45376586914062,WIFI
1c:b9:c4:15:fd:68,Ariel_University,[ESS],1970-01-01 02:00:00,11,-70,32.10470687094086,35.2106774559043,0,90.45376586914062,WIFI
1c:b9:c4:16:04:dc,Ariel_University,[ESS],1970-01-01 02:00:00,36,-47,32.10470687094086,35.2106774559043,0,90.45376586914062,WIFI
1c:b9:c4:15:fd:6c,Ariel_University,[ESS],1970-01-01 02:00:00,36,-59,32.10470687094086,35.2106774559043,0,90.45376586914062,WIFI
1c:b9:c4:16:ed:f8,Ariel_University,[ESS],1970-01-01 02:00:00,1,-78,32.10470687094086,35.2106774559043,0,90.45376586914062,WIFI
1c:b9:c4:16:ed:fc,Ariel_University,[ESS],1970-01-01 02:00:00,36,-74,32.10470687094086,35.2106774559043,0,90.45376586914062,WIFI
1c:b9:c4:15:44:3c,Ariel_University,[ESS],1970-01-01 02:00:00,36,-78,32.10470687094086,35.2106774559043,0,90.45376586914062,WIFI
1c:b9:c4:15:44:38,Ariel_University,[ESS],1970-01-01 02:00:00,11,-89,32.10470687094086,35.2106774559043,0,90.45376586914062,WIFI
1c:b9:c4:95:41:f7,,[WPA2-PSK-CCMP][ESS],1970-01-01 02:00:00,44,-62,32.10470687094086,35.2106774559043,0,90.45376586914062,WIFI
1c:b9:c4:16:06:3c,Ariel_University,[ESS],1970-01-01 02:00:00,36,-85,32.10470687094086,35.2106774559043,0,90.45376586914062,WIFI
1c:b9:c4:96:04:d7,,[WPA2-PSK-CCMP][ESS],1970-01-01 02:00:00,36,-47,32.10470687094086,35.2106774559043,0,90.45376586914062,WIFI
ec:8c:a2:08:95:88,Ariel_University,[ESS],1970-01-01 02:00:00,1,-88,32.10470687094086,35.2106774559043,0,90.45376586914062,WIFI
1c:b9:c4:15:41:f8,Ariel_University,[ESS],1970-01-01 02:00:00,1,-70,32.10456212655272,35.20973432783756,0,90.45376586914062,WIFI
1c:b9:c4:16:cc:ac,Ariel_University,[ESS],1970-01-01 02:00:00,44,-63,32.10456212655272,35.20973432783756,0,90.45376586914062,WIFI
1c:b9:c4:15:41:fc,Ariel_University,[ESS],1970-01-01 02:00:00,44,-59,32.10456212655272,35.20973432783756,0,90.45376586914062,WIFI
1c:b9:c4:55:44:73,island-154470,[WPA2-PSK-CCMP][ESS],1970-01-01 02:00:00,9,-56,32.10456212655272,35.20973432783756,0,90.45376586914062,WIFI
1c:b9:c4:16:cc:a8,Ariel_University,[ESS],1970-01-01 02:00:00,11,-70,32.10456212655272,35.20973432783756,0,90.45376586914062,WIFI
1c:b9:c4:16:04:d8,Ariel_University,[ESS],1970-01-01 02:00:00,1,-67,32.10456212655272,35.20973432783756,0,90.45376586914062,WIFI
f8:d1:11:77:77:d6,masa2,[ESS],1970-01-01 02:00:00,6,-82,32.10456212655272,35.20973432783756,0,90.45376586914062,WIFI
1c:b9:c4:15:fd:68,Ariel_University,[ESS],1970-01-01 02:00:00,11,-71,32.10456212655272,35.20973432783756,0,90.45376586914062,WIFI
1c:b9:c4:16:04:dc,Ariel_University,[ESS],1970-01-01 02:00:00,36,-53,32.10456212655272,35.20973432783756,0,90.45376586914062,WIFI
1c:b9:c4:15:fd:6c,Ariel_University,[ESS],1970-01-01 02:00:00,36,-63,32.10456212655272,35.20973432783756,0,90.45376586914062,WIFI
1c:b9:c4:16:ed:f8,Ariel_University,[ESS],1970-01-01 02:00:00,1,-81,32.10456212655272,35.20973432783756,0,90.45376586914062,WIFI
1c:b9:c4:16:ed:fc,Ariel_University,[ESS],1970-01-01 02:00:00,36,-73,32.10456212655272,35.20973432783756,0,90.45376586914062,WIFI
1c:b9:c4:15:44:3c,Ariel_University,[ESS],1970-01-01 02:00:00,36,-75,32.10456212655272,35.20973432783756,0,90.45376586914062,WIFI
1c:b9:c4:15:44:38,Ariel_University,[ESS],1970-01-01 02:00:00,11,-89,32.10456212655272,35.20973432783756,0,90.45376586914062,WIFI
1c:b9:c4:95:41:f7,,[WPA2-PSK-CCMP][ESS],1970-01-01 02:00:00,44,-62,32.10456212655272,35.20973432783756,0,90.45376586914062,WIFI
1c:b9:c4:16:06:3c,Ariel_University,[ESS],1970-01-01 02:00:00,36,-85,32.10456212655272,35.20973432783756,0,90.45376586914062,WIFI
1c:b9:c4:96:04:d7,,[WPA2-PSK-CCMP][ESS],1970-01-01 02:00:00,36,-47,32.10456212655272,35.20973432783756,0,90.45376586914062,WIFI
ec:8c:a2:08:95:88,Ariel_University,[ESS],1970-01-01 02:00:00,1,-88,32.10456212655272,35.20973432783756,0,90.45376586914062,WIFI
1c:b9:c4:15:41:f8,Ariel_University,[ESS],1970-01-01 02:00:00,1,-77,32.104417382164584,35.208791199770815,0,90.45376586914062,WIFI
1c:b9:c4:16:cc:ac,Ariel_University,[ESS],1970-01-01 02:00:00,44,-60,32.104417382164584,35.208791199770815,0,90.45376586914062,WIFI
1c:b9:c4:15:41:fc,Ariel_University,[ESS],1970-01-01 02:00:00,44,-60,32.104417382164584,35.208791199770815,0,90.45376586914062,WIFI
1c:b9:c4:55:44:73,island-154470,[WPA2-PSK-CCMP][ESS],1970-01-01 02:00:00,9,-56,32.104417382164584,35.208791199770815,0,90.45376586914062,WIFI
1c:b9:c4:16:cc:a8,Ariel_University,[ESS],1970-01-01 02:00:00,11,-68,32.104417382164584,35.208791199770815,0,90.45376586914062,WIFI
1c:b9:c4:16:04:d8,Ariel_University,[ESS],1970-01-01 02:00:00,1,-59,32.104417382164584,35.208791199770815,0,90.45376586914062,WIFI
f8:d1:11:77:77:d6,masa2,[ESS],1970-01-01 02:00:00,6,-82,32.104417382164584,35.208791199770815,0,90.45376586914062,WIFI
1c:b9:c4:15:fd:68,Ariel_University,[ESS],1970-01-01 02:00:00,11,-72,32.104417382164584,35.208791199770815,0,90.45376586914062,WIFI
1c:b9:c4:16:04:dc,Ariel_University,[ESS],1970-01-01 02:00:00,36,-51,32.104417382164584,35.208791199770815,0,90.45376586914062,WIFI
1c:b9:c4:15:fd:6c,Ariel_University,[ESS],1970-01-01 02:00:00,36,-58,32.104417382164584,35.208791199770815,0,90.45376586914062,WIFI
1c:b9:c4:16:ed:f8,Ariel_University,[ESS],1970-01-01 02:00:00,1,-81,32.104417382164584,35.208791199770815,0,90.45376586914062,WIFI
1c:b9:c4:16:ed:fc,Ariel_University,[ESS],1970-01-01 02:00:00,36,-78,32.104417382164584,35.208791199770815,0,90.45376586914062,WIFI
1c:b9:c4:15:44:3c,Ariel_University,[ESS],1970-01-01 02:00:00,36,-72,32.104417382164584,35.208791199770815,0,90.45376586914062,WIFI
1c:b9:c4:15:44:38,Ariel_University,[ESS],1970-01-01 02:00:00,11,-85,32.104417382164584,35.208791199770815,0,90.45376586914062,WIFI
1c:b9:c4:96:04:d7,,[WPA2-PSK-CCMP][ESS],1970-01-01 02:00:00,36,-47,32.104417382164584,35.208791199770815,0,90.45376586914062,WIFI
ec:8c:a2:08:95:88,Ariel_University,[ESS],1970-01-01 02:00:00,1,-89,32.104417382164584,35.208791199770815,0,90.45376586914062,WIFI
1c:b9:c4:95:fd:67,,[WPA2-PSK-CCMP][ESS],1970-01-01 02:00:00,36,-58,32.104417382164584,35.208791199770815,0,90.45376586914062,WIFI
1c:b9:c4:96:ed:f7,,[WPA2-PSK-CCMP][ESS],1970-01-01 02:00:00,36,-79,32.104417382164584,35.208791199770815,0,90.45376586914062,WIFI
1c:b9:c4:15:41:f8,Ariel_University,[ESS],1970-01-01 02:00:00,1,-73,32.104224389647065,35.207533695681825,0,90.45376586914062,WIFI
1c:b9:c4:16:cc:ac,Ariel_University,[ESS],1970-01-01 02:00:00,44,-65,32.104224389647065,35.207533695681825,0,90.45376586914062,WIFI
1c:b9:c4:15:41:fc,Ariel_University,[ESS],1970-01-01 02:00:00,44,-58,32.104224389647065,35.207533695681825,0,90.45376586914062,WIFI
1c:b9:c4:55:44:73,island-154470,[WPA2-PSK-CCMP][ESS],1970-01-01 02:00:00,9,-57,32.104224389647065,35.207533695681825,0,90.45376586914062,WIFI
1c:b9:c4:16:cc:a8,Ariel_University,[ESS],1970-01-01 02:00:00,11,-71,32.104224389647065,35.207533695681825,0,90.45376586914062,WIFI
1c:b9:c4:16:04:d8,Ariel_University,[ESS],1970-01-01 02:00:00,1,-59,32.104224389647065,35.207533695681825,0,90.45376586914062,WIFI
f8:d1:11:77:77:d6,masa2,[ESS],1970-01-01 02:00:00,6,-82,32.104224389647065,35.207533695681825,0,90.45376586914062,WIFI
1c:b9:c4:15:fd:68,Ariel_University,[ESS],1970-01-01 02:00:00,11,-69,32.104224389647065,35.207533695681825,0,90.45376586914062,WIFI
1c:b9:c4:16:04:dc,Ariel_University,[ESS],1970-01-01 02:00:00,36,-53,32.104224389647065,35.207533695681825,0,90.45376586914062,WIFI
1c:b9:c4:15:fd:6c,Ariel_University,[ESS],1970-01-01 02:00:00,36,-54,32.104224389647065,35.207533695681825,0,90.45376586914062,WIFI
1c:b9:c4:16:ed:f8,Ariel_University,[ESS],1970-01-01 02:00:00,1,-81,32.104224389647065,35.207533695681825,0,90.45376586914062,WIFI
1c:b9:c4:16:ed:fc,Ariel_University,[ESS],1970-01-01 02:00:00,36,-78,32.104224389647065,35.207533695681825,0,90.45376586914062,WIFI
1c:b9:c4:15:44:3c,Ariel_University,[ESS],1970-01-01 02:00:00,36,-76,32.104224389647065,35.207533695681825,0,90.45376586914062,WIFI
1c:b9:c4:15:44:38,Ariel_University,[ESS],1970-01-01 02:00:00,11,-88,32.104224389647065,35.207533695681825,0,90.45376586914062,WIFI
1c:b9:c4:96:04:d7,,[WPA2-PSK-CCMP][ESS],1970-01-01 02:00:00,36,-54,32.104224389647065,35.207533695681825,0,90.45376586914062,WIFI
ec:8c:a2:08:95:88,Ariel_University,[ESS],1970-01-01 02:00:00,1,-89,32.104224389647065,35.207533695681825,0,90.45376586914062,WIFI
1c:b9:c4:95:fd:67,,[WPA2-PSK-CCMP][ESS],1970-01-01 02:00:00,36,-58,32.104224389647065,35.207533695681825,0,90.45376586914062,WIFI
1c:b9:c4:96:ed:f7,,[WPA2-PSK-CCMP][ESS],1970-01-01 02:00:00,36,-79,32.104224389647065,35.207533695681825,0,90.45376586914062,WIFI
1c:b9:c4:15:41:f8,Ariel_University,[ESS],1970-01-01 02:00:00,1,-70,32.10412789338831,35.206904943637326,0,90.45376586914062,WIFI
1c:b9:c4:16:cc:ac,Ariel_University,[ESS],1970-01-01 02:00:00,44,-62,32.10412789338831,35.206904943637326,0,90.45376586914062,WIFI
1c:b9:c4:15:41:fc,Ariel_University,[ESS],1970-01-01 02:00:00,44,-62,32.10412789338831,35.206904943637326,0,90.45376586914062,WIFI
1c:b9:c4:55:44:73,island-154470,[WPA2-PSK-CCMP][ESS],1970-01-01 02:00:00,9,-59,32.10412789338831,35.206904943637326,0,90.45376586914062,WIFI
1c:b9:c4:16:cc:a8,Ariel_University,[ESS],1970-01-01 02:00:00,11,-73,32.10412789338831,35.206904943637326,0,90.45376586914062,WIFI
1c:b9:c4:16:04:d8,Ariel_University,[ESS],1970-01-01 02:00:00,1,-68,32.10412789338831,35.206904943637326,0,90.45376586914062,WIFI
f8:d1:11:77:77:d6,masa2,[ESS],1970-01-01 02:00:00,6,-82,32.10412789338831,35.206904943637326,0,90.45376586914062,WIFI
1c:b9:c4:15:fd:68,Ariel_University,[ESS],1970-01-01 02:00:00,11,-70,32.10412789338831,35.206904943637326,0,90.45376586914062,WIFI
1c:b9:c4:16:04:dc,Ariel_University,[ESS],1970-01-01 02:00:00,36,-51,32.10412789338831,35.206904943637326,0,90.45376586914062,WIFI
1c:b9:c4:15:fd:6c,Ariel_University,[ESS],1970-01-01 02:00:00,36,-54,32.10412789338831,35.206904943637326,0,90.45376586914062,WIFI
1c:b9:c4:16:ed:f8,Ariel_University,[ESS],1970-01-01 02:00:00,1,-81,32.10412789338831,35.206904943637326,0,90.45376586914062,WIFI
1c:b9:c4:16:ed:fc,Ariel_University,[ESS],1970-01-01 02:00:00,36,-78,32.10412789338831,35.206904943637326,0,90.45376586914062,WIFI
1c:b9:c4:15:44:3c,Ariel_University,[ESS],1970-01-01 02:00:00,36,-76,32.10412789338831,35.206904943637326,0,90.45376586914062,WIFI
1c:b9:c4:15:44:38,Ariel_University,[ESS],1970-01-01 02:00:00,11,-88,32.10412789338831,35.206904943637326,0,90.45376586914062,WIFI
1c:b9:c4:96:04:d7,,[WPA2-PSK-CCMP][ESS],1970-01-01 02:00:00,36,-54,32.10412789338831,35.206904943637326,0,90.45376586914062,WIFI
ec:8c:a2:08:95:88,Ariel_University,[ESS],1970-01-01 02:00:00,1,-89,32.10412789338831,35.206904943637326,0,90.45376586914062,WIFI
1c:b9:c4:95:fd:67,,[WPA2-PSK-CCMP][ESS],1970-01-01 02:00:00,36,-58,32.10412789338831,35.206904943637326,0,90.45376586914062,WIFI
1c:b9:c4:96:ed:f7,,[WPA2-PSK-CCMP][ESS],1970-01-01 02:00:00,36,-79,32.10412789338831,35.206904943637326,0,90.45376586914062,WIFI
1c:b9:c4:15:41:f8,Ariel_University,[ESS],2017-11-08 13:59:59,1,-68,32.10408385550361,35.205859683673125,736.3937316692763,48,WIFI
1c:b9:c4:16:cc:ac,Ariel_University,[ESS],2017-11-08 13:59:59,44,-63,32.10408385550361,35.205859683673125,736.3937316692763,48,WIFI
1c:b9:c4:15:41:fc,Ariel_University,[ESS],2017-11-08 13:59:59,44,-63,32.10408385550361,35.205859683673125,736.3937316692763,48,WIFI
1c:b9:c4:55:44:73,island-154470,[WPA2-PSK-CCMP][ESS],2017-11-08 13:59:59,9,-64,32.10408385550361,35.205859683673125,736.3937316692763,48,WIFI
1c:b9:c4:16:cc:a8,Ariel_University,[ESS],2017-11-08 13:59:59,11,-77,32.10408385550361,35.205859683673125,736.3937316692763,48,WIFI
1c:b9:c4:16:04:d8,Ariel_University,[ESS],2017-11-08 13:59:59,1,-69,32.10408385550361,35.205859683673125,736.3937316692763,48,WIFI
f8:d1:11:77:77:d6,masa2,[ESS],2017-11-08 13:59:59,6,-78,32.10408385550361,35.205859683673125,736.3937316692763,48,WIFI
1c:b9:c4:15:fd:68,Ariel_University,[ESS],2017-11-08 13:59:59,11,-77,32.10408385550361,35.205859683673125,736.3937316692763,48,WIFI
1c:b9:c4:16:04:dc,Ariel_University,[ESS],2017-11-08 13:59:59,36,-52,32.10408385550361,35.205859683673125,736.3937316692763,48,WIFI
1c:b9:c4:15:fd:6c,Ariel_University,[ESS],2017-11-08 13:59:59,36,-57,32.10408385550361,35.205859683673125,736.3937316692763,48,WIFI
1c:b9:c4:16:ed:f8,Ariel_University,[ESS],2017-11-08 13:59:59,1,-75,32.10408385550361,35.205859683673125,736.3937316692763,48,WIFI
1c:b9:c4:15:44:3c,Ariel_University,[ESS],2017-11-08 13:59:59,36,-76,32.10408385550361,35.205859683673125,736.3937316692763,48,WIFI
1c:b9:c4:15:44:38,Ariel_University,[ESS],2017-11-08 13:59:59,11,-85,32.10408385550361,35.205859683673125,736.3937316692763,48,WIFI
1c:b9:c4:96:04:d7,,[WPA2-PSK-CCMP][ESS],2017-11-08 13:59:59,36,-52,32.10408385550361,35.205859683673125,736.3937316692763,48,WIFI
1c:b9:c4:95:fd:67,,[WPA2-PSK-CCMP][ESS],2017-11-08 13:59:59,36,-58,32.10408385550361,35.205859683673125,736.3937316692763,48,WIFI
1c:b9:c4:16:cc:ac,Ariel_University,[ESS],2017-11-08 14:00:02,44,-54,32.10409050188073,35.20596196255836,740.8461921467359,48,WIFI
1c:b9:c4:55:44:73,island-154470,[WPA2-PSK-CCMP][ESS],2017-11-08 14:00:02,9,-59,32.10409050188073,35.20596196255836,740.8461921467359,48,WIFI
1c:b9:c4:16:cc:a8,Ariel_University,[ESS],2017-11-08 14:00:02,11,-71,32.10409050188073,35.20596196255836,740.8461921467359,48,WIFI
1c:b9:c4:16:04:d8,Ariel_University,[ESS],2017-11-08 14:00:02,1,-60,32.10409050188073,35.20596196255836,740.8461921467359,48,WIFI
1c:b9:c4:15:fd:68,Ariel_University,[ESS],2017-11-08 14:00:02,11,-72,32.10409050188073,35.20596196255836,740.8461921467359,48,WIFI
1c:b9:c4:16:ed:fc,Ariel_University,[ESS],2017-11-08 14:00:02,36,-75,32.10409050188073,35.20596196255836,740.8461921467359,48,WIFI
1c:b9:c4:16:04:d8,Ariel_University,[ESS],2017-11-08 14:00:05,1,-55,32.104106145638276,35.20604582224209,737.2515373396643,48,WIFI
1c:b9:c4:15:fd:68,Ariel_University,[ESS],2017-11-08 14:00:05,11,-66,32.104106145638276,35.20604582224209,737.2515373396643,48,WIFI
1c:b9:c4:96:ed:f7,,[WPA2-PSK-CCMP][ESS],2017-11-08 14:00:05,36,-73,32.104106145638276,35.20604582224209,737.2515373396643,48,WIFI
1c:b9:c4:95:41:f7,,[WPA2-PSK-CCMP][ESS],2017-11-08 14:00:11,44,-63,32.10410744207047,35.206040129083384,732.2495349930821,48,WIFI
f8:d1:11:77:77:d6,masa2,[ESS],2017-11-08 14:00:19,6,-72,32.10411208864872,35.206140997431525,728.224883598108,16,WIFI
24:c9:a1:33:3b:68,Ariel_University,[ESS],2017-11-08 14:00:19,6,-71,32.10411208864872,35.206140997431525,728.224883598108,16,WIFI
1c:b9:c4:15:fd:6c,Ariel_University,[ESS],2017-11-08 14:00:21,36,-48,32.10410687117981,35.20614116363294,727.8032743343155,16,WIFI
ec:8c:a2:08:95:88,Ariel_University,[ESS],2017-11-08 14:00:21,1,-90,32.10410687117981,35.20614116363294,727.8032743343155,16,WIFI
1c:b9:c4:16:ed:fc,Ariel_University,[ESS],2017-11-08 14:00:25,36,-69,32.10408187228403,35.20615631434679,724.2623005033934,16,WIFI
1c:b9:c4:15:41:f8,Ariel_University,[ESS],2017-11-08 14:00:28,1,-63,32.10406705518476,35.20618766458892,724.0001141549535,16,WIFI
1c:b9:c4:15:41:fc,Ariel_University,[ESS],2017-11-08 14:00:28,44,-58,32.10406705518476,35.20618766458892,724.0001141549535,16,WIFI
42507_10072_480148,HOT mobile,HSPA;il,2017-11-08 14:00:28,0,-113,32.10406705518476,35.20618766458892,724.0001141549535,16,GSM
1c:b9:c4:16:cc:a8,Ariel_University,[ESS],2017-11-08 14:00:30,11,-65,32.104068741764564,35.206177606121315,724.4041766967315,16,WIFI
1c:b9:c4:15:44:38,Ariel_University,[ESS],2017-11-08 14:00:30,11,-78,32.104068741764564,35.206177606121315,724.4041766967315,16,WIFI
1c:b9:c4:15:44:3c,Ariel_University,[ESS],2017-11-08 14:00:30,36,-69,32.104068741764564,35.206177606121315,724.4041766967315,16,WIFI
1c:b9:c4:96:ed:f7,,[WPA2-PSK-CCMP][ESS],2017-11-08 14:00:30,36,-67,32.104068741764564,35.206177606121315,724.4041766967315,16,WIFI
1c:b9:c4:16:ed:fc,Ariel_University,[ESS],2017-11-08 14:00:32,36,-64,32.10407577495763,35.20616421959776,725.165682599383,16,WIFI
1c:b9:c4:96:cc:a7,,[WPA2-PSK-CCMP][ESS],2017-11-08 14:00:32,44,-53,32.10407577495763,35.20616421959776,725.165682599383,16,WIFI
1c:b9:c4:95:44:37,,[WPA2-PSK-CCMP][ESS],2017-11-08 14:00:34,36,-68,32.1040813030928,35.20620039770819,725.7157740062166,16,WIFI
1c:b9:c4:16:04:dc,Ariel_University,[ESS],2017-11-08 14:00:36,36,-47,32.1040850281442,35.20624023644261,726.4148476318702,12,WIFI
1c:b9:c4:15:44:38,Ariel_University,[ESS],2017-11-08 14:00:40,11,-73,32.10410269724038,35.20623054967424,727.1134865539859,12,WIFI
1c:b9:c4:15:41:fc,Ariel_University,[ESS],2017-11-08 14:00:42,44,-49,32.104101641454236,35.20623201564442,727.1985787591836,12,WIFI
1c:b9:c4:16:cc:a8,Ariel_University,[ESS],2017-11-08 14:00:42,11,-59,32.104101641454236,35.20623201564442,727.1985787591836,12,WIFI
1c:b9:c4:16:ed:f8,Ariel_University,[ESS],2017-11-08 14:00:42,1,-70,32.104101641454236,35.20623201564442,727.1985787591836,12,WIFI
1c:b9:c4:15:44:38,Ariel_University,[ESS],2017-11-08 14:00:42,11,-64,32.104101641454236,35.20623201564442,727.1985787591836,12,WIFI
1c:b9:c4:16:ed:fc,Ariel_University,[ESS],2017-11-08 14:00:42,36,-59,32.104101641454236,35.20623201564442,727.1985787591836,12,WIFI
1c:b9:c4:15:44:3c,Ariel_University,[ESS],2017-11-08 14:00:42,36,-59,32.104101641454236,35.20623201564442,727.1985787591836,12,WIFI
1c:b9:c4:95:41:f7,,[WPA2-PSK-CCMP][ESS],2017-11-08 14:00:42,44,-52,32.104101641454236,35.20623201564442,727.1985787591836,12,WIFI
1c:b9:c4:16:cc:ac,Ariel_University,[ESS],2017-11-08 14:00:45,44,-47,32.1040997907332,35.206225947989296,727.6256310847707,12,WIFI
f8:d1:11:77:77:d6,masa2,[ESS],2017-11-08 14:00:45,6,-66,32.1040997907332,35.206225947989296,727.6256310847707,12,WIFI
1c:b9:c4:16:04:dc,Ariel_University,[ESS],2017-11-08 14:00:45,36,-37,32.1040997907332,35.206225947989296,727.6256310847707,12,WIFI
1c:b9:c4:16:ed:f8,Ariel_University,[ESS],2017-11-08 14:00:45,1,-65,32.1040997907332,35.206225947989296,727.6256310847707,12,WIFI
1c:b9:c4:95:fd:67,,[WPA2-PSK-CCMP][ESS],2017-11-08 14:00:45,36,-53,32.1040997907332,35.206225947989296,727.6256310847707,12,WIFI
1c:b9:c4:96:ed:f7,,[WPA2-PSK-CCMP][ESS],2017-11-08 14:00:45,36,-61,32.1040997907332,35.206225947989296,727.6256310847707,12,WIFI
1c:b9:c4:15:41:f8,Ariel_University,[ESS],2017-11-08 14:00:48,1,-57,32.10412541377617,35.206245397607,728.4254768005455,12,WIFI
1c:b9:c4:95:44:37,,[WPA2-PSK-CCMP][ESS],2017-11-08 14:00:48,36,-62,32.10412541377617,35.206245397607,728.4254768005455,12,WIFI
1c:b9:c4:15:41:fc,Ariel_University,[ESS],2017-11-08 14:00:50,44,-35,32.10413459047156,35.20623098341597,728.7387148059497,12,WIFI
1c:b9:c4:16:04:d8,Ariel_University,[ESS],2017-11-08 14:00:50,1,-48,32.10413459047156,35.20623098341597,728.7387148059497,12,WIFI
1c:b9:c4:16:ed:fc,Ariel_University,[ESS],2017-11-08 14:00:50,36,-54,32.10413459047156,35.20623098341597,728.7387148059497,12,WIFI
1c:b9:c4:15:41:f8,Ariel_University,[ESS],2017-11-08 14:00:52,1,-46,32.104135328497144,35.20623512625132,729.2583529033179,12,WIFI
1c:b9:c4:95:41:f7,,[WPA2-PSK-CCMP][ESS],2017-11-08 14:00:52,44,-44,32.104135328497144,35.20623512625132,729.2583529033179,12,WIFI
1c:b9:c4:15:44:3c,Ariel_University,[ESS],2017-11-08 14:00:58,36,-50,32.10415150886073,35.2062504233439,730.1948535217556,12,WIFI
f8:d1:11:77:77:d6,masa2,[ESS],2017-11-08 14:01:00,6,-59,32.10418223152933,35.20622779667076,730.4273578712872,16,WIFI
1c:b9:c4:16:ed:f8,Ariel_University,[ESS],2017-11-08 14:01:00,1,-52,32.10418223152933,35.20622779667076,730.4273578712872,16,WIFI
1c:b9:c4:95:44:37,,[WPA2-PSK-CCMP][ESS],2017-11-08 14:01:00,36,-50,32.10418223152933,35.20622779667076,730.4273578712872,16,WIFI
f8:d1:11:77:77:d6,masa2,[ESS],2017-11-08 14:01:03,6,-54,32.10420290531223,35.206212824935314,733.2553955017246,16,WIFI
1c:b9:c4:15:44:38,Ariel_University,[ESS],2017-11-08 14:01:03,11,-56,32.10420290531223,35.206212824935314,733.2553955017246,16,WIFI
1c:b9:c4:16:ed:fc,Ariel_University,[ESS],2017-11-08 14:01:03,36,-47,32.10420290531223,35.206212824935314,733.2553955017246,16,WIFI
1c:b9:c4:15:44:3c,Ariel_University,[ESS],2017-11-08 14:01:03,36,-36,32.10420290531223,35.206212824935314,733.2553955017246,16,WIFI
f8:d1:11:77:77:d6,masa2,[ESS],2017-11-08 14:01:05,6,-42,32.10419705074162,35.20622013017566,736.7287203593828,48,WIFI
1c:b9:c4:15:44:38,Ariel_University,[ESS],2017-11-08 14:01:05,11,-41,32.10419705074162,35.20622013017566,736.7287203593828,48,WIFI
8c:0c:90:2f:cb:d8,Ariel_University,[ESS],2017-11-08 14:01:27,6,-72,32.10424806115288,35.206251396952815,737.6309972395197,8,WIFI
f0:b0:52:3e:d0:38,Ariel_University,[ESS],2017-11-08 14:01:31,11,-92,32.10430674099999,35.20629678235876,735.333098565847,6,WIFI
00:27:22:f3:e0:83,,[ESS],2017-11-08 14:01:32,6,-84,32.104322722243005,35.206314909238536,734.6395779821344,6,WIFI
f0:b0:52:3e:d0:9c,Ariel_University,[ESS],2017-11-08 14:01:35,36,-80,32.104362019953584,35.206394551204845,731.8402816539549,6,WIFI
f0:b0:52:be:d0:97,,[WPA2-PSK-CCMP][ESS],2017-11-08 14:01:35,36,-80,32.104362019953584,35.206394551204845,731.8402816539549,6,WIFI
ec:8c:a2:08:95:88,Ariel_University,[ESS],2017-11-08 14:01:39,1,-78,32.10441810344394,35.206421466593135,727.879719883413,4,WIFI
f0:b0:52:3e:d8:9c,Ariel_University,[ESS],2017-11-08 14:01:39,44,-82,32.10441810344394,35.206421466593135,727.879719883413,4,WIFI
1c:b9:c4:15:33:d8,Ariel_University,[ESS],2017-11-08 14:01:39,1,-87,32.10441810344394,35.206421466593135,727.879719883413,4,WIFI
ec:8c:a2:08:aa:d8,Ariel_University,[ESS],2017-11-08 14:01:43,6,-75,32.104472474890386,35.20642831179622,724.2196840795899,4,WIFI
f0:b0:52:be:c8:e7,,[WPA2-PSK-CCMP][ESS],2017-11-08 14:01:43,52,-84,32.104472474890386,35.20642831179622,724.2196840795899,4,WIFI
f0:b0:52:3e:d0:98,Ariel_University,[ESS],2017-11-08 14:01:44,1,-80,32.10448331069238,35.20642902718553,723.3747559525494,4,WIFI
1c:b9:c4:14:38:28,Ariel_University,[ESS],2017-11-08 14:01:46,6,-86,32.104505272846076,35.20642902261762,721.7729305003686,4,WIFI
00:27:22:f3:e1:da,,[ESS],2017-11-08 14:01:46,6,-87,32.104505272846076,35.20642902261762,721.7729305003686,4,WIFI
1c:b9:c4:15:1f:58,Ariel_University,[ESS],2017-11-08 14:01:46,11,-88,32.104505272846076,35.20642902261762,721.7729305003686,4,WIFI
00:25:86:cc:00:f8,AUC_54_R,[ESS],2017-11-08 14:01:49,5,-88,32.104544037800515,35.20643077029624,719.4787945319076,4,WIFI
ec:8c:a2:08:aa:dc,Ariel_University,[ESS],2017-11-08 14:01:55,36,-72,32.10462346197443,35.20643239874908,715.2182209005571,4,WIFI
f0:b0:52:3e:d1:3c,Ariel_University,[ESS],2017-11-08 14:01:55,44,-84,32.10462346197443,35.20643239874908,715.2182209005571,4,WIFI
f0:b0:52:3e:d1:38,Ariel_University,[ESS],2017-11-08 14:01:55,6,-89,32.10462346197443,35.20643239874908,715.2182209005571,4,WIFI
ec:8c:a2:08:aa:dc,Ariel_University,[ESS],2017-11-08 14:01:57,36,-65,32.10465071491918,35.20643245080189,713.89270371692,4,WIFI
f0:b0:52:3e:c7:a8,Ariel_University,[ESS],2017-11-08 14:01:57,11,-84,32.10465071491918,35.20643245080189,713.89270371692,4,WIFI
1c:b9:c4:95:33:d7,,[WPA2-PSK-CCMP][ESS],2017-11-08 14:01:57,36,-79,32.10465071491918,35.20643245080189,713.89270371692,4,WIFI
1c:b9:c4:15:33:dc,Ariel_University,[ESS],2017-11-08 14:01:57,36,-80,32.10465071491918,35.20643245080189,713.89270371692,4,WIFI
e0:10:7f:1e:55:48,Ariel_University,[ESS],2017-11-08 14:01:57,1,-85,32.10465071491918,35.20643245080189,713.89270371692,4,WIFI
42507_10072_516797,HOT mobile,UMTS;il,2017-11-08 14:01:57,0,-113,32.10465071491918,35.20643245080189,713.89270371692,4,GSM
f0:b0:52:3e:d8:98,Ariel_University,[ESS],2017-11-08 14:02:01,1,-86,32.10470370006227,35.20643348666546,711.3345045665689,4,WIFI
10:be:f5:3a:25:16,ariel_cyber,[WPA2-PSK-CCMP][ESS],2017-11-08 14:02:03,7,-89,32.10472506050708,35.20643408904744,710.1161579895496,4,WIFI
ec:8c:a2:08:ae:38,Ariel_University,[ESS],2017-11-08 14:02:05,6,-87,32.104739217927154,35.20643210850902,708.9430315662457,4,WIFI
1c:b9:c4:15:33:d8,Ariel_University,[ESS],2017-11-08 14:02:14,1,-82,32.10473772280013,35.20643217543656,707.4547837600144,4,WIFI
ec:8c:a2:08:ae:3c,Ariel_University,[ESS],2017-11-08 14:02:20,36,-86,32.10473768638384,35.20643164064996,707.1497722668319,4,WIFI
f0:b0:52:3e:cc:18,Ariel_University,[ESS],2017-11-08 14:02:23,11,-92,32.104737069000386,35.20643061927059,707.004453606172,4,WIFI
f0:b0:52:3e:c7:b8,Ariel_University,[ESS],2017-11-08 14:02:26,1,-88,32.104737073800266,35.20643050176064,706.8604310622495,4,WIFI
ec:8c:a2:88:aa:d7,,[WPA2-PSK-CCMP][ESS],2017-11-08 14:02:29,36,-71,32.10473246453073,35.206430103045264,706.300432694583,4,WIFI
ec:8c:a2:26:d2:98,Ariel_University,[ESS],2017-11-08 14:02:29,11,-88,32.10473246453073,35.206430103045264,706.300432694583,4,WIFI
24:c9:a1:36:50:98,Ariel_University,[ESS],2017-11-08 14:02:29,1,-89,32.10473246453073,35.206430103045264,706.300432694583,4,WIFI
f0:b0:52:3e:cc:1c,Ariel_University,[ESS],2017-11-08 14:02:42,36,-87,32.10474330024447,35.20641975172921,704.1660825398067,6,WIFI
8c:0c:90:b0:04:c3,,[WPA2-PSK-CCMP][ESS],2017-11-08 14:02:45,11,-86,32.10473986949084,35.206421529852385,703.7090679735553,6,WIFI
8c:0c:90:30:04:c8,Ariel_University,[ESS],2017-11-08 14:02:45,11,-91,32.10473986949084,35.206421529852385,703.7090679735553,6,WIFI
8c:0c:90:2e:0e:88,Ariel_University,[ESS],2017-11-08 14:03:07,6,-91,32.104731592438384,35.2064175466724,701.3578042487434,6,WIFI
42507_10072_516798,HOT mobile,UMTS;il,2017-11-08 14:03:25,0,-113,32.10472191922135,35.20641948346842,700.0342267092315,6,GSM
8c:0c:90:2e:0e:88,Ariel_University,[ESS],2017-11-08 14:03:43,6,-85,32.104739263762575,35.20641091708886,698.7192579694168,6,WIFI
f0:b0:52:be:d1:37,,[WPA2-PSK-CCMP][ESS],2017-11-08 14:04:01,44,-80,32.10473255357044,35.206428357758604,697.0474111970794,4,WIFI
f0:b0:52:3e:cc:1c,Ariel_University,[ESS],2017-11-08 14:04:01,36,-82,32.10473255357044,35.206428357758604,697.0474111970794,4,WIFI
f0:b0:52:3e:cc:18,Ariel_University,[ESS],2017-11-08 14:04:03,11,-87,32.10473812669004,35.206440071413354,696.8393594505586,4,WIFI
1c:b9:c4:15:33:dc,Ariel_University,[ESS],2017-11-08 14:04:03,36,-72,32.10473812669004,35.206440071413354,696.8393594505586,4,WIFI
ec:8c:a2:08:ae:3c,Ariel_University,[ESS],2017-11-08 14:04:03,36,-79,32.10473812669004,35.206440071413354,696.8393594505586,4,WIFI
ec:8c:a2:08:ae:38,Ariel_University,[ESS],2017-11-08 14:04:05,6,-80,32.10473956428353,35.20643741937565,696.8035101827099,6,WIFI
f0:b0:52:3e:c8:d8,Ariel_University,[ESS],2017-11-08 14:04:05,11,-88,32.10473956428353,35.20643741937565,696.8035101827099,6,WIFI
ec:8c:a2:26:d2:98,Ariel_University,[ESS],2017-11-08 14:04:13,11,-82,32.10477517521075,35.20645039241527,695.8489844198167,4,WIFI
ec:8c:a2:08:99:bc,Ariel_University,[ESS],2017-11-08 14:04:13,36,-84,32.10477517521075,35.20645039241527,695.8489844198167,4,WIFI
f0:b0:52:3e:d1:38,Ariel_University,[ESS],2017-11-08 14:04:13,6,-83,32.10477517521075,35.20645039241527,695.8489844198167,4,WIFI
d8:38:0d:05:1a:f1,,[WPA2-PSK-CCMP][ESS],2017-11-08 14:04:15,2,-86,32.10480157228701,35.20645151941576,695.4709006958665,4,WIFI
f0:b0:52:3e:d1:3c,Ariel_University,[ESS],2017-11-08 14:04:15,44,-78,32.10480157228701,35.20645151941576,695.4709006958665,4,WIFI
f0:b0:52:3e:c7:bc,Ariel_University,[ESS],2017-11-08 14:04:15,44,-87,32.10480157228701,35.20645151941576,695.4709006958665,4,WIFI
f0:b0:52:3e:cc:1c,Ariel_University,[ESS],2017-11-08 14:04:19,36,-71,32.10484855208581,35.20645187215976,694.6674095808579,4,WIFI
f0:b0:52:3e:c7:bc,Ariel_University,[ESS],2017-11-08 14:04:21,44,-81,32.10486974061274,35.20645003760229,694.2992786007032,4,WIFI
f0:b0:52:be:c7:b7,,[WPA2-PSK-CCMP][ESS],2017-11-08 14:04:21,44,-82,32.10486974061274,35.20645003760229,694.2992786007032,4,WIFI
ec:8c:a2:26:d2:98,Ariel_University,[ESS],2017-11-08 14:04:23,11,-74,32.104885329499965,35.20644292503852,693.9117995141976,4,WIFI
f0:b0:52:3e:d1:3c,Ariel_University,[ESS],2017-11-08 14:04:23,44,-72,32.104885329499965,35.20644292503852,693.9117995141976,4,WIFI
f0:b0:52:3e:cc:1c,Ariel_University,[ESS],2017-11-08 14:04:23,36,-64,32.104885329499965,35.20644292503852,693.9117995141976,4,WIFI
ec:8c:a2:08:ae:3c,Ariel_University,[ESS],2017-11-08 14:04:25,36,-71,32.10490225309293,35.20643082747539,693.526378445884,4,WIFI
ec:8c:a2:08:a4:3c,Ariel_University,[ESS],2017-11-08 14:04:25,52,-80,32.10490225309293,35.20643082747539,693.526378445884,4,WIFI
ec:8c:a2:26:d2:98,Ariel_University,[ESS],2017-11-08 14:04:27,11,-69,32.10491980354964,35.20641713810495,693.1482574683374,4,WIFI
1c:b9:c4:95:33:d7,,[WPA2-PSK-CCMP][ESS],2017-11-08 14:04:27,36,-71,32.10491980354964,35.20641713810495,693.1482574683374,4,WIFI
f0:b0:52:3e:cc:18,Ariel_University,[ESS],2017-11-08 14:04:27,11,-81,32.10491980354964,35.20641713810495,693.1482574683374,4,WIFI
f0:b0:52:3e:c8:dc,Ariel_University,[ESS],2017-11-08 14:04:27,44,-81,32.10491980354964,35.20641713810495,693.1482574683374,4,WIFI
1c:b9:c4:15:33:dc,Ariel_University,[ESS],2017-11-08 14:04:33,36,-67,32.10496566678325,35.206339207319715,692.1192154590701,4,WIFI
ec:8c:a2:08:ae:38,Ariel_University,[ESS],2017-11-08 14:04:33,6,-74,32.10496566678325,35.206339207319715,692.1192154590701,4,WIFI
e0:10:7f:1e:55:48,Ariel_University,[ESS],2017-11-08 14:04:33,1,-79,32.10496566678325,35.206339207319715,692.1192154590701,4,WIFI
ec:8c:a2:08:a4:3c,Ariel_University,[ESS],2017-11-08 14:04:33,52,-73,32.10496566678325,35.206339207319715,692.1192154590701,4,WIFI
ec:8c:a2:88:a4:37,,[WPA2-PSK-CCMP][ESS],2017-11-08 14:04:33,52,-72,32.10496566678325,35.206339207319715,692.1192154590701,4,WIFI
24:c9:a1:36:2a:68,Ariel_University,[ESS],2017-11-08 14:04:33,11,-84,32.10496566678325,35.206339207319715,692.1192154590701,4,WIFI
f0:b0:52:3e:cc:18,Ariel_University,[ESS],2017-11-08 14:04:35,11,-75,32.10498610072575,35.20631786148305,691.7710580453414,4,WIFI
1c:b9:c4:15:33:d8,Ariel_University,[ESS],2017-11-08 14:04:37,1,-77,32.105003862792024,35.20630608525521,691.413745498679,4,WIFI
24:c9:a1:36:50:98,Ariel_University,[ESS],2017-11-08 14:04:37,1,-81,32.105003862792024,35.20630608525521,691.413745498679,4,WIFI
8c:0c:90:30:05:18,Ariel_University,[ESS],2017-11-08 14:04:37,6,-83,32.105003862792024,35.20630608525521,691.413745498679,4,WIFI
f0:b0:52:be:d9:b7,,[WPA2-PSK-CCMP][ESS],2017-11-08 14:04:37,36,-83,32.105003862792024,35.20630608525521,691.413745498679,4,WIFI
e0:10:7f:1e:55:48,Ariel_University,[ESS],2017-11-08 14:04:41,1,-69,32.10503404766145,35.20629101603344,690.7183223241133,4,WIFI
f0:b0:52:be:c8:07,,[WPA2-PSK-CCMP][ESS],2017-11-08 14:04:41,44,-81,32.10503404766145,35.20629101603344,690.7183223241133,4,WIFI
f0:b0:52:3e:c8:0c,Ariel_University,[ESS],2017-11-08 14:04:41,44,-81,32.10503404766145,35.20629101603344,690.7183223241133,4,WIFI
ec:8c:a2:26:d2:98,Ariel_University,[ESS],2017-11-08 14:04:45,11,-61,32.10508159359478,35.20626364824513,690.0011790323388,4,WIFI
f0:b0:52:3e:d1:38,Ariel_University,[ESS],2017-11-08 14:04:45,6,-68,32.10508159359478,35.20626364824513,690.0011790323388,4,WIFI
f0:b0:52:be:cc:17,,[WPA2-PSK-CCMP][ESS],2017-11-08 14:04:45,36,-73,32.10508159359478,35.20626364824513,690.0011790323388,4,WIFI
e0:10:7f:1a:b2:58,Ariel_University,[ESS],2017-11-08 14:04:45,11,-79,32.10508159359478,35.20626364824513,690.0011790323388,4,WIFI
8c:0c:90:30:05:18,Ariel_University,[ESS],2017-11-08 14:04:47,6,-77,32.105095690989,35.20626633692972,689.6724451759666,4,WIFI
f0:3e:90:04:d2:a8,Ariel_University,[ESS],2017-11-08 14:04:47,6,-86,32.105095690989,35.20626633692972,689.6724451759666,4,WIFI
2c:5d:93:3e:f5:38,Ariel_University,[ESS],2017-11-08 14:04:47,6,-86,32.105095690989,35.20626633692972,689.6724451759666,4,WIFI
14:ae:db:52:51:55,abadi1,[WPA2-PSK-CCMP][ESS],2017-11-08 14:04:51,6,-87,32.105126582912845,35.20624217208104,689.0275247492355,4,WIFI
f0:b0:52:3e:ca:3c,Ariel_University,[ESS],2017-11-08 14:04:51,48,-73,32.105126582912845,35.20624217208104,689.0275247492355,4,WIFI
f0:b0:52:3e:d9:bc,Ariel_University,[ESS],2017-11-08 14:04:51,36,-77,32.105126582912845,35.20624217208104,689.0275247492355,4,WIFI
f0:b0:52:3e:ca:dc,Ariel_University,[ESS],2017-11-08 14:04:51,36,-80,32.105126582912845,35.20624217208104,689.0275247492355,4,WIFI
f0:b0:52:3e:c8:1c,Ariel_University,[ESS],2017-11-08 14:04:51,48,-82,32.105126582912845,35.20624217208104,689.0275247492355,4,WIFI
f0:b0:52:3e:ca:3c,Ariel_University,[ESS],2017-11-08 14:04:53,48,-64,32.105150746316085,35.20623258856965,688.7262986449562,4,WIFI
f0:b0:52:3e:c8:1c,Ariel_University,[ESS],2017-11-08 14:04:53,48,-77,32.105150746316085,35.20623258856965,688.7262986449562,4,WIFI
f0:b0:52:3e:ca:38,Ariel_University,[ESS],2017-11-08 14:04:53,11,-78,32.105150746316085,35.20623258856965,688.7262986449562,4,WIFI
1c:b9:c4:16:cc:ac,Ariel_University,[ESS],2017-11-08 14:04:53,44,-83,32.105150746316085,35.20623258856965,688.7262986449562,4,WIFI
f0:b0:52:3e:d9:b8,Ariel_University,[ESS],2017-11-08 14:04:53,1,-82,32.105150746316085,35.20623258856965,688.7262986449562,4,WIFI
24:c9:a1:36:2a:68,Ariel_University,[ESS],2017-11-08 14:04:55,11,-77,32.10517245212168,35.206225911859455,688.3668307525227,4,WIFI
a0:ab:1b:59:2a:48,Machne Yehuda Falafel-Bar,[WPA2-PSK-CCMP][ESS],2017-11-08 14:04:55,1,-85,32.10517245212168,35.206225911859455,688.3668307525227,4,WIFI
42507_10072_480144,HOT mobile,UMTS;il,2017-11-08 14:04:55,0,-113,32.10517245212168,35.206225911859455,688.3668307525227,4,GSM
8c:0c:90:2e:0e:88,Ariel_University,[ESS],2017-11-08 14:04:57,6,-77,32.10519783142388,35.2062095799915,687.9754153400887,4,WIFI
24:c9:a1:36:50:98,Ariel_University,[ESS],2017-11-08 14:04:57,1,-72,32.10519783142388,35.2062095799915,687.9754153400887,4,WIFI
f0:b0:52:be:ca:37,,[WPA2-PSK-CCMP][ESS],2017-11-08 14:04:59,48,-76,32.105227354851785,35.20621442549196,687.5536965554908,4,WIFI
f0:3e:90:04:d2:a8,Ariel_University,[ESS],2017-11-08 14:04:59,6,-80,32.105227354851785,35.20621442549196,687.5536965554908,4,WIFI
24:c9:a1:36:52:d8,Ariel_University,[ESS],2017-11-08 14:04:59,6,-84,32.105227354851785,35.20621442549196,687.5536965554908,4,WIFI
